month,spx_price_observation_date,spx_price,spx_price_return,spx_total_return_index,spx_total_return,RF,bond_total,bond_price,coupon,yield_observation_date,dgs10_yield_pct,prior_dgs10_yield_pct,spx_price_source
1985-01,1985-01-31,179.63,,,,0.0065000000000000006,0.032067066248386622,0.02244206624838662,0.0096249999999999999,1985-01-31,11.17,11.550000000000001,CRSP educational public copy: spindx
1985-02,1985-02-28,181.19,0.0086845181762511547,,,0.0057999999999999996,-0.033096569416248722,-0.042404902749582057,0.0093083333333333334,1985-02-28,11.91,11.17,CRSP educational public copy: spindx
1985-03,1985-03-29,180.66,-0.0029251062420663221,,,0.0061999999999999998,0.02498187260781326,0.01505687260781326,0.0099249999999999998,1985-03-29,11.65,11.91,CRSP educational public copy: spindx
1985-04,1985-04-30,179.83000000000001,-0.0045942654710504627,,,0.0071999999999999998,0.023743595833427555,0.014035262500094221,0.0097083333333333344,1985-04-30,11.41,11.65,CRSP educational public copy: spindx
1985-05,1985-05-31,189.55000000000001,0.054051048212200303,,,0.0066,0.078753048206615439,0.069244714873282098,0.0095083333333333339,1985-05-31,10.279999999999999,11.41,CRSP educational public copy: spindx
1985-06,1985-06-28,191.84999999999999,0.012134001582695841,,,0.0055000000000000005,0.010407333243033445,0.0018406665763667802,0.0085666666666666651,1985-06-28,10.25,10.279999999999999,CRSP educational public copy: spindx
1985-07,1985-07-31,190.91999999999999,-0.0048475371383893684,,,0.0061999999999999998,-0.010831534785670782,-0.019373201452337448,0.0085416666666666662,1985-07-31,10.57,10.25,CRSP educational public copy: spindx
1985-08,1985-08-30,188.63,-0.011994552692227045,,,0.0055000000000000005,0.026579100867184513,0.017770767533851178,0.0088083333333333329,1985-08-30,10.279999999999999,10.57,CRSP educational public copy: spindx
1985-09,1985-09-30,182.08000000000001,-0.034724062980437842,,,0.0060000000000000001,0.0067306183238002859,-0.0018360483428663792,0.0085666666666666651,1985-09-30,10.31,10.279999999999999,CRSP educational public copy: spindx
1985-10,1985-10-31,189.81999999999999,0.042508787346221322,,,0.0065000000000000006,0.02718483206254807,0.018593165395881402,0.0085916666666666676,1985-10-31,10.01,10.31,CRSP educational public copy: spindx
1985-11,1985-11-29,202.16999999999999,0.065061637340638523,,,0.0060999999999999995,0.034838743646608217,0.026497076979941553,0.0083416666666666656,1985-11-29,9.5899999999999999,10.01,CRSP educational public copy: spindx
1985-12,1985-12-31,211.28,0.04506108720383839,,,0.0065000000000000006,0.046164933735287628,0.03817326706862096,0.007991666666666666,1985-12-31,9,9.5899999999999999,CRSP educational public copy: spindx
1986-01,1986-01-31,211.78,0.0023665278303672821,,,0.0056000000000000008,0.0023417401733327736,-0.0051582598266672261,0.0074999999999999997,1986-01-31,9.0800000000000001,9,CRSP educational public copy: spindx
1986-02,1986-02-28,226.91999999999999,0.071489281329681686,,,0.0053,0.071399827559072371,0.063833160892405705,0.0075666666666666669,1986-02-28,8.1300000000000008,9.0800000000000001,CRSP educational public copy: spindx
1986-03,1986-03-31,238.90000000000001,0.052793936188965329,,,0.0060000000000000001,0.058151040106759755,0.051376040106759752,0.0067750000000000006,1986-03-31,7.3899999999999997,8.1300000000000008,CRSP educational public copy: spindx
1986-04,1986-04-30,235.52000000000001,-0.014148179154457874,,,0.0051999999999999998,0.0068529135862918089,0.00069458025295847641,0.0061583333333333325,1986-04-30,7.3799999999999999,7.3899999999999997,CRSP educational public copy: spindx
1986-05,1986-05-30,247.34999999999999,0.050229279891304213,,,0.0048999999999999998,-0.039027530449905701,-0.045177530449905703,0.0061500000000000001,1986-05-30,8.0500000000000007,7.3799999999999999,CRSP educational public copy: spindx
1986-06,1986-06-30,250.84,0.014109561350313271,,,0.0051999999999999998,0.055394019458181676,0.048685686124848346,0.0067083333333333335,1986-06-30,7.3499999999999996,8.0500000000000007,CRSP educational public copy: spindx
1986-07,1986-07-31,236.12,-0.058682825705629105,,,0.0051999999999999998,0.006820820060837951,0.00069582006083795164,0.0061249999999999994,1986-07-31,7.3399999999999999,7.3499999999999996,CRSP educational public copy: spindx
1986-08,1986-08-29,252.93000000000001,0.071192613925122883,,,0.0045999999999999999,0.033731852443766197,0.027615185777099531,0.0061166666666666661,1986-08-29,6.9500000000000002,7.3399999999999999,CRSP educational public copy: spindx
1986-09,1986-09-30,231.31999999999999,-0.085438658917487142,,,0.0045000000000000005,-0.028829255840134849,-0.034620922506801516,0.0057916666666666672,1986-09-30,7.4500000000000002,6.9500000000000002,CRSP educational public copy: spindx
1986-10,1986-10-31,243.97999999999999,0.054729379214940366,,,0.0045999999999999999,0.013862354002550203,0.0076540206692168704,0.0062083333333333331,1986-10-31,7.3399999999999999,7.4500000000000002,CRSP educational public copy: spindx
1986-11,1986-11-28,249.22,0.021477170259857514,,,0.0039000000000000003,0.019449994922566827,0.013333328255900161,0.0061166666666666661,1986-11-28,7.1500000000000004,7.3399999999999999,CRSP educational public copy: spindx
1986-12,1986-12-31,242.16999999999999,-0.028288259369232072,,,0.0048999999999999998,0.00036436152464691673,-0.005593971808686417,0.0059583333333333337,1986-12-31,7.2300000000000004,7.1500000000000004,CRSP educational public copy: spindx
1987-01,1987-01-30,274.07999999999998,0.13176694057893212,,,0.0041999999999999997,0.0095290609818925454,0.0035040609818925454,0.006025,1987-01-30,7.1799999999999997,7.2300000000000004,CRSP educational public copy: spindx
1987-02,1987-02-27,284.19999999999999,0.036923525977816674,,,0.0043,0.0052828346956017569,-0.00070049863773157667,0.0059833333333333336,1987-02-27,7.1900000000000004,7.1799999999999997,CRSP educational public copy: spindx
1987-03,1987-03-31,291.69999999999999,0.026389866291344211,,,0.0046999999999999993,-0.016106682246414872,-0.022098348913081538,0.0059916666666666668,1987-03-31,7.5099999999999998,7.1900000000000004,CRSP educational public copy: spindx
1987-04,1987-04-30,288.36000000000001,-0.011450119986287199,,,0.0044000000000000003,-0.040612045647328454,-0.046870378980661785,0.0062583333333333336,1987-04-30,8.2100000000000009,7.5099999999999998,CRSP educational public copy: spindx
1987-05,1987-05-29,290.10000000000002,0.0060341240116521533,,,0.0038,-0.011678756584724059,-0.018520423251390725,0.0068416666666666669,1987-05-29,8.4900000000000002,8.2100000000000009,CRSP educational public copy: spindx
1987-06,1987-06-30,304,0.04791451223715959,,,0.0047999999999999996,0.014385832935619458,0.0073108329356194575,0.0070750000000000006,1987-06-30,8.3800000000000008,8.4900000000000002,CRSP educational public copy: spindx
1987-07,1987-07-31,318.66000000000003,0.048223684210526363,,,0.0045999999999999999,-0.01140083660970248,-0.018384169943035815,0.0069833333333333344,1987-07-31,8.6600000000000001,8.3800000000000008,CRSP educational public copy: spindx
1987-08,1987-08-31,329.80000000000001,0.034958890353354644,,,0.0046999999999999993,-0.014781487237284674,-0.02199815390395134,0.0072166666666666664,1987-08-31,9,8.6600000000000001,CRSP educational public copy: spindx
1987-09,1987-09-30,321.82999999999998,-0.024166161309884915,,,0.0045000000000000005,-0.032178139346870527,-0.039678139346870527,0.0074999999999999997,1987-09-30,9.6300000000000008,9,CRSP educational public copy: spindx
1987-10,1987-10-30,251.78999999999999,-0.217630426001305,,,0.0060000000000000001,0.056801939960577252,0.048776939960577248,0.0080250000000000009,1987-10-30,8.8800000000000008,9.6300000000000008,CRSP educational public copy: spindx
1987-11,1987-11-30,230.30000000000001,-0.085348901862663307,,,0.0034999999999999996,0.00027988600656447815,-0.0071201139934355222,0.0074000000000000003,1987-11-30,8.9900000000000002,8.8800000000000008,CRSP educational public copy: spindx
1987-12,1987-12-31,247.08000000000001,0.072861485019539707,,,0.0039000000000000003,0.017919901548435035,0.010428234881768368,0.0074916666666666673,1987-12-31,8.8300000000000001,8.9900000000000002,CRSP educational public copy: spindx
1988-01,1988-01-29,257.06999999999999,0.040432248664400205,257.47000000000003,,0.0028999999999999998,0.045440807770830594,0.038082474437497259,0.0073583333333333339,1988-01-29,8.2599999999999998,8.8300000000000001,CRSP educational public copy: spindx
1988-02,1988-02-29,267.81999999999999,0.041817403819971233,269.48000000000002,0.046646211209072863,0.0045999999999999999,0.013593782152445444,0.0067104488191121114,0.0068833333333333325,1988-02-29,8.1600000000000001,8.2599999999999998,CRSP educational public copy: spindx
1988-03,1988-03-31,258.88999999999999,-0.033343290269584047,261.14999999999998,-0.030911384889416804,0.0044000000000000003,-0.020225027912092908,-0.027025027912092908,0.0068000000000000005,1988-03-31,8.5700000000000003,8.1600000000000001,CRSP educational public copy: spindx
1988-04,1988-04-29,261.32999999999998,0.0094248522538529222,264.04000000000002,0.011066436913651279,0.0045999999999999999,-0.012377531293476185,-0.019519197960142853,0.0071416666666666668,1988-04-29,8.8699999999999992,8.5700000000000003,CRSP educational public copy: spindx
1988-05,1988-05-31,262.16000000000003,0.0031760609191444633,266.31999999999999,0.0086350552946521386,0.0051000000000000004,-0.013776870621598158,-0.021168537288264823,0.0073916666666666653,1988-05-31,9.1999999999999993,8.8699999999999992,CRSP educational public copy: spindx
1988-06,1988-06-30,273.5,0.043256026853829566,278.54000000000002,0.045884650045058706,0.0048999999999999998,0.032444426915823499,0.024777760249156833,0.0076666666666666662,1988-06-30,8.8200000000000003,9.1999999999999993,CRSP educational public copy: spindx
1988-07,1988-07-29,272.01999999999998,-0.0054113345521024092,277.49000000000001,-0.0037696560637611176,0.0051000000000000004,-0.011960272419872187,-0.019310272419872185,0.0073499999999999998,1988-07-29,9.1199999999999992,8.8200000000000003,CRSP educational public copy: spindx
1988-08,1988-08-31,261.51999999999998,-0.038600102933607827,268.06999999999999,-0.033947169267361077,0.0058999999999999999,-0.00072128062321596964,-0.0083212806232159688,0.0075999999999999991,1988-08-31,9.25,9.1199999999999992,CRSP educational public copy: spindx
1988-09,1988-09-30,271.91000000000003,0.039729275007647669,279.49000000000001,0.042600813220427636,0.0061999999999999998,0.032432650749514513,0.024724317416181179,0.0077083333333333335,1988-09-30,8.8699999999999992,9.25,CRSP educational public copy: spindx
1988-10,1988-10-31,278.97000000000003,0.025964473539038746,287.26999999999998,0.027836416329743319,0.0060999999999999995,0.021842636387295444,0.01445096972062878,0.0073916666666666653,1988-10-31,8.6500000000000004,8.8699999999999992,CRSP educational public copy: spindx
1988-11,1988-11-30,273.69999999999999,-0.018890920170627767,283.18000000000001,-0.014237476938072091,0.0056999999999999993,-0.019250480199570097,-0.026458813532903431,0.007208333333333334,1988-11-30,9.0600000000000005,8.6500000000000004,CRSP educational public copy: spindx
1988-12,1988-12-30,277.72000000000003,0.014687614176105424,288.12,0.017444734797655181,0.0063,0.0024050123904348908,-0.0051449876095651095,0.0075500000000000003,1988-12-30,9.1400000000000006,9.0600000000000005,CRSP educational public copy: spindx
1989-01,1989-01-31,297.47000000000003,0.071114791876710326,309.20999999999998,0.073198667221990643,0.0055000000000000005,0.016024106521463466,0.0084074398547967985,0.0076166666666666674,1989-01-31,9.0099999999999998,9.1400000000000006,CRSP educational public copy: spindx
1989-02,1989-02-28,288.86000000000001,-0.028944095202877662,301.50999999999999,-0.024902170046246841,0.0060999999999999995,-0.012275391352668752,-0.019783724686002084,0.007508333333333333,1989-02-28,9.3200000000000003,9.0099999999999998,CRSP educational public copy: spindx
1989-03,1989-03-31,294.87,0.02080592674652082,308.54000000000002,0.023315976252860748,0.0067000000000000002,0.0090441278675021941,0.0012774612008355267,0.0077666666666666674,1989-03-31,9.3000000000000007,9.3200000000000003,CRSP educational public copy: spindx
1989-04,1989-04-28,309.63999999999999,0.050089870112252743,324.56,0.051921955013936483,0.0067000000000000002,0.025850542276354638,0.018100542276354638,0.0077500000000000008,1989-04-28,9.0199999999999996,9.3000000000000007,CRSP educational public copy: spindx
1989-05,1989-05-31,320.51999999999998,0.035137579124144169,337.69,0.040454769534138402,0.0079000000000000008,0.035164798179366352,0.027648131512699684,0.0075166666666666672,1989-05-31,8.5999999999999996,9.0199999999999996,CRSP educational public copy: spindx
1989-06,1989-06-30,317.98000000000002,-0.0079246224884561567,335.77999999999997,-0.0056560750984631092,0.0070999999999999995,0.040807310156615095,0.033640643489948427,0.0071666666666666658,1989-06-30,8.0999999999999996,8.5999999999999996,CRSP educational public copy: spindx
1989-07,1989-07-31,346.07999999999998,0.088370337757091466,366.10000000000002,0.090297218416820701,0.0069999999999999993,0.025822364793856023,0.019072364793856024,0.0067499999999999999,1989-07-31,7.8200000000000003,8.0999999999999996,CRSP educational public copy: spindx
1989-08,1989-08-31,351.44999999999999,0.01551664355062421,373.25,0.01953018301010645,0.0074000000000000003,-0.022880331144734534,-0.029396997811401201,0.0065166666666666671,1989-08-31,8.2599999999999998,7.8200000000000003,CRSP educational public copy: spindx
1989-09,1989-09-29,349.14999999999998,-0.0065443164034714174,371.74000000000001,-0.0040455458807768796,0.0065000000000000006,0.0035500578573097741,-0.0033332754760235584,0.0068833333333333325,1989-09-29,8.3100000000000005,8.2599999999999998,CRSP educational public copy: spindx
1989-10,1989-10-31,340.36000000000001,-0.025175426034655501,363.11000000000001,-0.023215150373917193,0.0068000000000000005,0.033373187530275628,0.026448187530275627,0.0069250000000000006,1989-10-31,7.9199999999999999,8.3100000000000005,CRSP educational public copy: spindx
1989-11,1989-11-30,345.99000000000001,0.016541309202021459,370.50999999999999,0.020379499325273276,0.0068999999999999999,0.012044438925570056,0.0054444389255700566,0.0065999999999999991,1989-11-30,7.8399999999999999,7.9199999999999999,CRSP educational public copy: spindx
1989-12,1989-12-29,353.39999999999998,0.021416803953871355,379.41000000000003,0.02402094410407285,0.0060999999999999995,0.00043259323581468223,-0.0061007400975186506,0.0065333333333333328,1989-12-29,7.9299999999999997,7.8399999999999999,CRSP educational public copy: spindx
1990-01,1990-01-31,329.07999999999998,-0.068817204301075297,353.94,-0.067130544793231661,0.0056999999999999993,-0.026550368822069403,-0.033158702155402738,0.0066083333333333332,1990-01-31,8.4299999999999997,7.9299999999999997,CRSP educational public copy: spindx
1990-02,1990-02-28,331.88999999999999,0.0085389570925002989,358.5,0.012883539582980275,0.0056999999999999993,0.0017380527903241294,-0.0052869472096758706,0.007025,1990-02-28,8.5099999999999998,8.4299999999999997,CRSP educational public copy: spindx
1990-03,1990-03-30,339.94,0.024255024255024349,368,0.026499302649930279,0.0064000000000000003,-0.0021044049737335424,-0.0091960716404002087,0.0070916666666666663,1990-03-30,8.6500000000000004,8.5099999999999998,CRSP educational public copy: spindx
1990-04,1990-04-30,330.80000000000001,-0.026887097723127584,358.81999999999999,-0.024945652173913091,0.0068999999999999999,-0.017981457335523698,-0.025189790668857032,0.007208333333333334,1990-04-30,9.0399999999999991,8.6500000000000004,CRSP educational public copy: spindx
1990-05,1990-05-31,361.23000000000002,0.091989117291414679,393.80000000000001,0.097486204782342156,0.0068000000000000005,0.036498042537113751,0.028964709203780418,0.0075333333333333329,1990-05-31,8.5999999999999996,9.0399999999999991,CRSP educational public copy: spindx
1990-06,1990-06-29,358.01999999999998,-0.0088863051241592217,391.13999999999999,-0.0067546978161503457,0.0063,0.018440625399503308,0.011273958732836643,0.0071666666666666658,1990-06-29,8.4299999999999997,8.5999999999999996,CRSP educational public copy: spindx
1990-07,1990-07-31,356.14999999999998,-0.0052231718898385626,389.88999999999999,-0.003195786674847878,0.0068000000000000005,0.011681409447047209,0.0046564094470472085,0.007025,1990-07-31,8.3599999999999994,8.4299999999999997,CRSP educational public copy: spindx
1990-08,1990-08-31,322.56,-0.094314193457812667,354.64999999999998,-0.090384467413885949,0.0066,-0.025579375642886482,-0.032546042309553144,0.0069666666666666661,1990-08-31,8.8599999999999994,8.3599999999999994,CRSP educational public copy: spindx
1990-09,1990-09-28,306.05000000000001,-0.051184275793650813,337.38999999999999,-0.048667700549837822,0.0060000000000000001,0.0099915186227184094,0.0026081852893850765,0.0073833333333333329,1990-09-28,8.8200000000000003,8.8599999999999994,CRSP educational public copy: spindx
1990-10,1990-10-31,304,-0.0066982519196210344,335.94999999999999,-0.004268057737336628,0.0068000000000000005,0.018516658420485888,0.011166658420485889,0.0073499999999999998,1990-10-31,8.6500000000000004,8.8200000000000003,CRSP educational public copy: spindx
1990-11,1990-11-30,322.22000000000003,0.059934210526315868,357.67000000000002,0.064652478047328543,0.0056999999999999993,0.033264763211620973,0.02605642987828764,0.007208333333333334,1990-11-30,8.2599999999999998,8.6500000000000004,CRSP educational public copy: spindx
1990-12,1990-12-31,330.22000000000003,0.02482775743280996,367.63,0.027846897978583529,0.0060000000000000001,0.019004600680343042,0.012121267347009711,0.0068833333333333325,1990-12-31,8.0800000000000001,8.2599999999999998,CRSP educational public copy: spindx
1991-01,1991-01-31,343.93000000000001,0.041517776028102471,383.63999999999999,0.043549220683839707,0.0051999999999999998,0.01010775486502169,0.0033744215316883564,0.0067333333333333334,1991-01-31,8.0299999999999994,8.0800000000000001,CRSP educational public copy: spindx
1991-02,1991-02-28,367.06999999999999,0.06728113278864889,411.07999999999998,0.071525388384944266,0.0047999999999999996,0.0073668476675818884,0.00067518100091522228,0.0066916666666666661,1991-02-28,8.0199999999999996,8.0299999999999994,CRSP educational public copy: spindx
1991-03,1991-03-28,375.22000000000003,0.022202849592720897,421.02999999999997,0.024204534397197497,0.0044000000000000003,0.0046604588355763088,-0.002022874497757024,0.0066833333333333328,1991-03-28,8.0500000000000007,8.0199999999999996,CRSP educational public copy: spindx
1991-04,1991-04-30,375.35000000000002,0.00034646340813382359,422.02999999999997,0.0023751276631118756,0.0053,0.0087338763360791383,0.0020255430027458048,0.0067083333333333335,1991-04-30,8.0199999999999996,8.0500000000000007,CRSP educational public copy: spindx
1991-05,1991-05-31,389.82999999999998,0.038577327827361119,440.24000000000001,0.043148591332369923,0.0046999999999999993,0.0039873517875812503,-0.0026959815457520825,0.0066833333333333328,1991-05-31,8.0600000000000005,8.0199999999999996,CRSP educational public copy: spindx
1991-06,1991-06-28,371.16000000000003,-0.047892671164353584,420.06999999999999,-0.045815918589860116,0.0041999999999999997,-0.0053199030250858925,-0.012036569691752558,0.0067166666666666668,1991-06-28,8.2400000000000002,8.0600000000000005,CRSP educational public copy: spindx
1991-07,1991-07-31,387.81,0.04485935984481082,439.64999999999998,0.046611279072535483,0.0048999999999999998,0.0095461469353590456,0.0026794802686923788,0.0068666666666666668,1991-07-31,8.1999999999999993,8.2400000000000002,CRSP educational public copy: spindx
1991-08,1991-08-30,395.43000000000001,0.019648797091359249,450.06,0.023677925622654472,0.0045999999999999999,0.032717256982137899,0.025883923648804565,0.0068333333333333328,1991-08-30,7.8200000000000003,8.1999999999999993,CRSP educational public copy: spindx
1991-09,1991-09-30,387.86000000000001,-0.019143716966340429,442.52999999999997,-0.016731102519664143,0.0045999999999999999,0.030729758488814429,0.024213091822147762,0.0065166666666666671,1991-09-30,7.4699999999999998,7.8200000000000003,CRSP educational public copy: spindx
1991-10,1991-10-31,392.45999999999998,0.011859949466302089,448.48000000000002,0.013445416129979959,0.0041999999999999997,0.006224999999999925,-7.5460471204991109e-17,0.0062250000000000005,1991-10-31,7.4699999999999998,7.4699999999999998,CRSP educational public copy: spindx
1991-11,1991-11-29,375.22000000000003,-0.043928043622279866,430.41000000000003,-0.040291651801641071,0.0039000000000000003,0.012476222276627258,0.0062512222766272574,0.0062250000000000005,1991-11-29,7.3799999999999999,7.4699999999999998,CRSP educational public copy: spindx
1991-12,1991-12-31,417.08999999999997,0.11158786845050894,479.63,0.11435607908738166,0.0038,0.054107698710356367,0.047957698710356364,0.0061500000000000001,1991-12-31,6.71,7.3799999999999999,CRSP educational public copy: spindx
1992-01,1992-01-31,408.79000000000002,-0.019899781821669071,470.69999999999999,-0.018618518441298471,0.0034000000000000002,-0.036213457450707809,-0.041805124117374477,0.0055916666666666658,1992-01-31,7.3099999999999996,6.71,CRSP educational public copy: spindx
1992-02,1992-02-28,412.69999999999999,0.009564813229286262,476.79000000000002,0.012938177182919119,0.0028000000000000004,0.0088836571595716229,0.0027919904929049567,0.0060916666666666662,1992-02-28,7.2699999999999996,7.3099999999999996,CRSP educational public copy: spindx
1992-03,1992-03-31,403.69,-0.021831839108311102,467.51999999999998,-0.019442521864972084,0.0034000000000000002,-0.012562314208608871,-0.018620647541942204,0.0060583333333333331,1992-03-31,7.54,7.2699999999999996,CRSP educational public copy: spindx
1992-04,1992-04-30,414.94999999999999,0.027892689935346437,481.25,0.029367727583846648,0.0032000000000000002,0.0014707319166709087,-0.0048126014166624239,0.0062833333333333326,1992-04-30,7.6100000000000003,7.54,CRSP educational public copy: spindx
1992-05,1992-05-29,415.35000000000002,0.00096397156283889451,483.60000000000002,0.0048831168831169336,0.0028000000000000004,0.025833321363503359,0.019491654696836693,0.0063416666666666665,1992-05-29,7.3300000000000001,7.6100000000000003,CRSP educational public copy: spindx
1992-06,1992-06-30,408.13999999999999,-0.017358853978572397,476.41000000000003,-0.014867659222497887,0.0032000000000000002,0.019447635001915264,0.013339301668581931,0.0061083333333333337,1992-06-30,7.1399999999999997,7.3300000000000001,CRSP educational public copy: spindx
1992-07,1992-07-31,424.20999999999998,0.039373744303425218,495.87,0.040847169454881316,0.0030999999999999999,0.035999448074588436,0.030049448074588436,0.0059499999999999996,1992-07-31,6.7199999999999998,7.1399999999999997,CRSP educational public copy: spindx
1992-08,1992-08-31,414.02999999999997,-0.023997548384055101,485.72000000000003,-0.020469074555831135,0.0025999999999999999,0.012787077561826621,0.0071870775618266209,0.0055999999999999999,1992-08-31,6.6200000000000001,6.7199999999999998,CRSP educational public copy: spindx
1992-09,1992-09-30,417.80000000000001,0.0091056203656740831,491.43000000000001,0.011755744050069961,0.0025999999999999999,0.023689539244415414,0.018172872577748748,0.0055166666666666662,1992-09-30,6.3700000000000001,6.6200000000000001,CRSP educational public copy: spindx
1992-10,1992-10-30,418.68000000000001,0.0021062709430348381,493.13,0.0034592922694991479,0.0023,-0.025345627117916436,-0.030653960451249771,0.0053083333333333342,1992-10-30,6.7999999999999998,6.3700000000000001,CRSP educational public copy: spindx
1992-11,1992-11-30,431.35000000000002,0.03026177510270367,509.92000000000002,0.034047817005657732,0.0023,-0.0049545586322177204,-0.010621225298884387,0.0056666666666666671,1992-11-30,6.9500000000000002,6.7999999999999998,CRSP educational public copy: spindx
1992-12,1992-12-31,435.70999999999998,0.010107801089602297,516.17999999999995,0.012276435519297024,0.0028000000000000004,0.023694423216920057,0.01790275655025339,0.0057916666666666672,1992-12-31,6.7000000000000002,6.9500000000000002,CRSP educational public copy: spindx
1993-01,1993-01-29,438.77999999999997,0.0070459709439765206,520.49000000000001,0.0083498004572049034,0.0023,0.028097184785753404,0.022513851452420072,0.0055833333333333334,1993-01-29,6.3899999999999997,6.7000000000000002,CRSP educational public copy: spindx
1993-02,1993-02-26,443.38,0.010483613656046442,527.59000000000003,0.01364099214201997,0.0022000000000000001,0.031903777441020242,0.026578777441020243,0.0053249999999999999,1993-02-26,6.0300000000000002,6.3899999999999997,CRSP educational public copy: spindx
1993-03,1993-03-31,451.67000000000002,0.018697279985565585,538.72000000000003,0.02109592676131089,0.0025000000000000001,0.0050250000000000572,5.7245874707234634e-17,0.005025,1993-03-31,6.0300000000000002,6.0300000000000002,CRSP educational public copy: spindx
1993-04,1993-04-30,440.19,-0.025416786591980878,525.70000000000005,-0.02416839916839908,0.0023999999999999998,0.0035497550347209916,-0.0014752449652790083,0.005025,1993-04-30,6.0499999999999998,6.0300000000000002,CRSP educational public copy: spindx
1993-05,1993-05-28,450.19,0.022717462913741882,539.75999999999999,0.026745291991630005,0.0022000000000000001,-0.0030314071095827178,-0.0080730737762493843,0.0050416666666666665,1993-05-28,6.1600000000000001,6.0499999999999998,CRSP educational public copy: spindx
1993-06,1993-06-30,450.52999999999997,0.00075523667784715975,541.34000000000003,0.002927226915666381,0.0025000000000000001,0.031994713475401504,0.02686138014206817,0.0051333333333333335,1993-06-30,5.7999999999999998,6.1600000000000001,CRSP educational public copy: spindx
1993-07,1993-07-30,448.13,-0.005327059241337917,539.15999999999997,-0.0040270440019212206,0.0023999999999999998,0.0025979774872086914,-0.0022353558461246413,0.0048333333333333327,1993-07-30,5.8300000000000001,5.7999999999999998,CRSP educational public copy: spindx
1993-08,1993-08-31,463.56,0.034431972865016869,559.62,0.037947918985087981,0.0025000000000000001,0.033674927514238062,0.02881659418090473,0.0048583333333333334,1993-08-31,5.4500000000000002,5.8300000000000001,CRSP educational public copy: spindx
1993-09,1993-09-30,458.93000000000001,-0.0099879195789109865,555.33000000000004,-0.0076659161573924273,0.0025999999999999999,0.0083421435612489603,0.0038004768945822933,0.0045416666666666669,1993-09-30,5.4000000000000004,5.4500000000000002,CRSP educational public copy: spindx
1993-10,1993-10-29,467.82999999999998,0.019392935741834316,566.82000000000005,0.020690400302522782,0.0022000000000000001,0.0022228911305488541,-0.0022771088694511464,0.0045000000000000005,1993-10-29,5.4299999999999997,5.4000000000000004,CRSP educational public copy: spindx
1993-11,1993-11-30,461.79000000000002,-0.012910672680247037,561.40999999999997,-0.00954447620055765,0.0025000000000000001,-0.02527974461499416,-0.029804744614994161,0.0045249999999999995,1993-11-30,5.8300000000000001,5.4299999999999997,CRSP educational public copy: spindx
1993-12,1993-12-31,466.44999999999999,0.010091166980662036,568.20000000000005,0.012094547656792853,0.0023,0.0048583333333334089,7.5460471204991109e-17,0.0048583333333333334,1993-12-31,5.8300000000000001,5.8300000000000001,CRSP educational public copy: spindx
1994-01,1994-01-31,481.61000000000001,0.032500803944688572,587.51999999999998,0.034002111932418089,0.0025000000000000001,0.014603141967089561,0.0097448086337562287,0.0048583333333333334,1994-01-31,5.7000000000000002,5.8300000000000001,CRSP educational public copy: spindx
1994-02,1994-02-28,467.13999999999999,-0.030045057203961778,571.57000000000005,-0.027148011982570663,0.0020999999999999999,-0.028291323754063513,-0.03304132375406351,0.0047499999999999999,1994-02-28,6.1500000000000004,5.7000000000000002,CRSP educational public copy: spindx
1994-03,1994-03-31,445.76999999999998,-0.045746457164875687,546.64999999999998,-0.043599209195724131,0.0027000000000000001,-0.039133624630147357,-0.044258624630147354,0.0051250000000000002,1994-03-31,6.7699999999999996,6.1500000000000004,CRSP educational public copy: spindx
1994-04,1994-04-29,450.91000000000003,0.011530609955807014,553.65999999999997,0.012823561693954044,0.0027000000000000001,-0.014791476461991415,-0.020433143128658082,0.0056416666666666664,1994-04-29,7.0599999999999996,6.7699999999999996,CRSP educational public copy: spindx
1994-05,1994-05-31,456.50999999999999,0.012419329799738144,562.75,0.016418018278365754,0.0032000000000000002,-0.0018290522558208622,-0.0077123855891541955,0.0058833333333333333,1994-05-31,7.1699999999999999,7.0599999999999996,CRSP educational public copy: spindx
1994-06,1994-06-30,444.26999999999998,-0.026812118025892118,548.96000000000004,-0.02450466459351397,0.0030999999999999999,-0.0058539410342441922,-0.011828941034244193,0.0059750000000000003,1994-06-30,7.3399999999999999,7.1699999999999999,CRSP educational public copy: spindx
1994-07,1994-07-29,458.25,0.031467350935242111,566.98000000000002,0.032825706791022924,0.0028000000000000004,0.021576020778768523,0.015459354112101857,0.0061166666666666661,1994-07-29,7.1200000000000001,7.3399999999999999,CRSP educational public copy: spindx
1994-08,1994-08-31,475.5,0.037643207855973859,590.23000000000002,0.041006737451056541,0.0037000000000000002,0.0010298428692117056,-0.0049034904641216273,0.005933333333333333,1994-08-31,7.1900000000000004,7.1200000000000001,CRSP educational public copy: spindx
1994-09,1994-09-30,462.70999999999998,-0.02689800210304949,575.79999999999995,-0.024448096504752437,0.0037000000000000002,-0.02355835054991573,-0.029550017216582396,0.0059916666666666668,1994-09-30,7.6200000000000001,7.1900000000000004,CRSP educational public copy: spindx
1994-10,1994-10-31,472.35000000000002,0.020833783579347953,588.73000000000002,0.022455713789510279,0.0038,-0.0065976771348226215,-0.012947677134822623,0.0063500000000000006,1994-10-31,7.8099999999999996,7.6200000000000001,CRSP educational public copy: spindx
1994-11,1994-11-30,453.69,-0.039504604636392604,567.28999999999996,-0.036417372989316021,0.0037000000000000002,-0.00027624160846673185,-0.0067845749418000657,0.0065083333333333339,1994-11-30,7.9100000000000001,7.8099999999999996,CRSP educational public copy: spindx
1994-12,1994-12-30,459.26999999999998,0.01229914699464385,575.71000000000004,0.014842496782950576,0.0044000000000000003,0.011355550726540597,0.0047638840598739308,0.0065916666666666667,1994-12-30,7.8399999999999999,7.9100000000000001,CRSP educational public copy: spindx
1995-01,1995-01-31,470.42000000000002,0.024277658022514137,590.63999999999999,0.025933195532472864,0.0041999999999999997,0.023041000712192616,0.016507667378859284,0.0065333333333333328,1995-01-31,7.5999999999999996,7.8399999999999999,CRSP educational public copy: spindx
1995-02,1995-02-28,487.38999999999999,0.036074146507376392,613.64999999999998,0.038957740755790393,0.0040000000000000001,0.032916583157016621,0.026583249823683288,0.0063333333333333332,1995-02-28,7.2199999999999998,7.5999999999999996,CRSP educational public copy: spindx
1995-03,1995-03-31,500.70999999999998,0.027329243521615032,631.75999999999999,0.029511936771775549,0.0045999999999999999,0.0074170372397550643,0.0014003705730883977,0.0060166666666666667,1995-03-31,7.2000000000000002,7.2199999999999998,CRSP educational public copy: spindx
1995-04,1995-04-28,514.71000000000004,0.027960296379141658,650.36000000000001,0.029441560086108653,0.0044000000000000003,0.015155576056328002,0.0091555760563279999,0.006000000000000001,1995-04-28,7.0700000000000003,7.2000000000000002,CRSP educational public copy: spindx
1995-05,1995-05-31,533.39999999999998,0.036311709506323897,676.36000000000001,0.039977858416876844,0.0054000000000000003,0.062042961672745811,0.056151295006079141,0.0058916666666666666,1995-05-31,6.2999999999999998,7.0700000000000003,CRSP educational public copy: spindx
1995-06,1995-06-30,544.75,0.021278590176228018,692.07000000000005,0.023227275415459214,0.0046999999999999993,0.01184015971402097,0.0065901597140209699,0.0052500000000000003,1995-06-30,6.21,6.2999999999999998,CRSP educational public copy: spindx
1995-07,1995-07-31,562.05999999999995,0.031776044056906816,715.01999999999998,0.033161385408990274,0.0045000000000000005,-0.012207568415473213,-0.017382568415473212,0.0051749999999999999,1995-07-31,6.4500000000000002,6.21,CRSP educational public copy: spindx
1995-08,1995-08-31,561.88,-0.00032025050706319114,716.82000000000005,0.0025174121003608274,0.0046999999999999993,0.017783354856506284,0.012408354856506282,0.0053750000000000004,1995-08-31,6.2800000000000002,6.4500000000000002,CRSP educational public copy: spindx
1995-09,1995-09-29,584.40999999999997,0.040097529721648595,747.07000000000005,0.04220027342987076,0.0043,0.013302715335509419,0.0080693820021760856,0.0052333333333333338,1995-09-29,6.1699999999999999,6.2800000000000002,CRSP educational public copy: spindx
1995-10,1995-10-31,581.5,-0.0049793809140842304,744.39999999999998,-0.0035739622793046211,0.0046999999999999993,0.015477857893730018,0.010336191227063352,0.0051416666666666668,1995-10-31,6.0300000000000002,6.1699999999999999,CRSP educational public copy: spindx
1995-11,1995-11-30,605.37,0.041049011177987982,777.07000000000005,0.043887694787748677,0.0041999999999999997,0.025208232798377139,0.020183232798377138,0.005025,1995-11-30,5.7599999999999998,6.0300000000000002,CRSP educational public copy: spindx
1995-12,1995-12-29,615.92999999999995,0.017443877298181087,792.03999999999996,0.019264673710219116,0.0048999999999999998,0.018367914123931017,0.013567914123931019,0.0047999999999999996,1995-12-29,5.5800000000000001,5.7599999999999998,CRSP educational public copy: spindx
1996-01,1996-01-31,636.01999999999998,0.032617342879872835,819,0.03403868491490325,0.0043,0.0031438494718245558,-0.0015061505281754447,0.0046500000000000005,1996-01-31,5.5999999999999996,5.5800000000000001,CRSP educational public copy: spindx
1996-02,1996-02-29,640.42999999999995,0.0069337442218797563,826.59000000000003,0.0092673992673992789,0.0039000000000000003,-0.034284305223243994,-0.03895097188991066,0.0046666666666666662,1996-02-29,6.1299999999999999,5.5999999999999996,CRSP educational public copy: spindx
1996-03,1996-03-29,645.5,0.0079165560638947419,834.54999999999995,0.0096299253559803955,0.0039000000000000003,-0.010177755892679663,-0.015286089226012996,0.0051083333333333336,1996-03-29,6.3399999999999999,6.1299999999999999,CRSP educational public copy: spindx
1996-04,1996-04-30,654.16999999999996,0.01343144848954303,846.85000000000002,0.01473848181654791,0.0045999999999999999,-0.017673699549280775,-0.022957032882614109,0.0052833333333333335,1996-04-30,6.6600000000000001,6.3399999999999999,CRSP educational public copy: spindx
1996-05,1996-05-31,669.12,0.022853386734335235,868.69000000000005,0.025789691208596643,0.0041999999999999997,-0.0079642650420514993,-0.013514265042051499,0.0055500000000000002,1996-05-31,6.8499999999999996,6.6600000000000001,CRSP educational public copy: spindx
1996-06,1996-06-28,670.63,0.0022566953610712037,872.00999999999999,0.003821846688692121,0.0040000000000000001,0.014290010528634323,0.00858167719530099,0.0057083333333333326,1996-06-28,6.7300000000000004,6.8499999999999996,CRSP educational public copy: spindx
1996-07,1996-07-31,639.95000000000005,-0.045748027973696259,833.48000000000002,-0.044185273104666245,0.0045000000000000005,0.00061815372499030019,-0.004990179608343033,0.0056083333333333332,1996-07-31,6.7999999999999998,6.7300000000000004,CRSP educational public copy: spindx
1996-08,1996-08-30,651.99000000000001,0.018813969841393829,851.05999999999995,0.021092287757354722,0.0040999999999999995,-0.005657546299715599,-0.011324212966382266,0.0056666666666666671,1996-08-30,6.96,6.7999999999999998,CRSP educational public copy: spindx
1996-09,1996-09-30,687.30999999999995,0.054172610009355804,898.97000000000003,0.056294503325265088,0.0044000000000000003,0.022971113185479286,0.017171113185479286,0.0057999999999999996,1996-09-30,6.7199999999999998,6.96,CRSP educational public copy: spindx
1996-10,1996-10-31,705.26999999999998,0.026130857982569866,923.75999999999999,0.027576003648620118,0.0041999999999999997,0.03104202160884828,0.02544202160884828,0.0055999999999999999,1996-10-31,6.3700000000000001,6.7199999999999998,CRSP educational public copy: spindx
1996-11,1996-11-29,757.01999999999998,0.073376153813433209,993.58000000000004,0.075582402355590217,0.0040999999999999995,0.028164149062200661,0.022855815728867326,0.0053083333333333342,1996-11-29,6.0599999999999996,6.3700000000000001,CRSP educational public copy: spindx
1996-12,1996-12-31,740.74000000000001,-0.021505376344086002,973.89999999999998,-0.019807161979911059,0.0045999999999999999,-0.021772508586963224,-0.026822508586963223,0.0050499999999999998,1996-12-31,6.4299999999999997,6.0599999999999996,CRSP educational public copy: spindx
1997-01,1997-01-31,786.15999999999997,0.061317061317061272,1034.74,0.062470479515350785,0.0045000000000000005,-0.0018581321908952564,-0.0072164655242285894,0.005358333333333333,1997-01-31,6.5300000000000002,6.4299999999999997,CRSP educational public copy: spindx
1997-02,1997-02-28,790.82000000000005,0.0059275465554087248,1042.8499999999999,0.0078377176875348287,0.0039000000000000003,0.0032796716918361835,-0.0021619949748304832,0.0054416666666666667,1997-02-28,6.5599999999999996,6.5300000000000002,CRSP educational public copy: spindx
1997-03,1997-03-31,757.12,-0.042613995599504406,1000,-0.041089322529606287,0.0043,-0.020058704381998416,-0.02552537104866508,0.0054666666666666657,1997-03-31,6.9199999999999999,6.5599999999999996,CRSP educational public copy: spindx
1997-04,1997-04-30,801.34000000000003,0.058405536770921529,1059.7,0.059700000000000086,0.0043,0.020075927654565895,0.014309260987899228,0.0057666666666666665,1997-04-30,6.7199999999999998,6.9199999999999999,CRSP educational public copy: spindx
1997-05,1997-05-30,848.27999999999997,0.058576883719769324,1124.22,0.060885156176276212,0.0048999999999999998,0.0091854134973172741,0.0035854134973172741,0.0055999999999999999,1997-05-30,6.6699999999999999,6.7199999999999998,CRSP educational public copy: spindx
1997-06,1997-06-30,885.13999999999999,0.04345263356438922,1174.5899999999999,0.044804397715749511,0.0037000000000000002,0.017115165646067299,0.011556832312733967,0.0055583333333333327,1997-06-30,6.5099999999999998,6.6699999999999999,CRSP educational public copy: spindx
1997-07,1997-07-31,954.28999999999996,0.078123234742526471,1268.05,0.079568189751317409,0.0043,0.041618269847937039,0.03619326984793704,0.0054249999999999993,1997-07-31,6.0199999999999996,6.5099999999999998,CRSP educational public copy: spindx
1997-08,1997-08-29,899.47000000000003,-0.057445849794087733,1197.01,-0.056023027483143362,0.0040999999999999995,-0.018276421677734023,-0.023293088344400689,0.0050166666666666667,1997-08-29,6.3399999999999999,6.0199999999999996,CRSP educational public copy: spindx
1997-09,1997-09-30,947.27999999999997,0.053153523741759079,1262.5600999999999,0.054761530814278814,0.0044000000000000003,0.021459064687354701,0.016175731354021367,0.0052833333333333335,1997-09-30,6.1200000000000001,6.3399999999999999,CRSP educational public copy: spindx
1997-10,1997-10-31,914.62,-0.034477662359597927,1220.4000000000001,-0.033392548996281302,0.0041999999999999997,0.025953713087431662,0.020853713087431662,0.0051000000000000004,1997-10-31,5.8399999999999999,6.1200000000000001,CRSP educational public copy: spindx
1997-11,1997-11-28,955.39999999999998,0.044586822942861426,1276.8900000000001,0.046288102261553554,0.0039000000000000003,0.0033784869368442827,-0.001488179729822384,0.0048666666666666667,1997-11-28,5.8600000000000003,5.8399999999999999,CRSP educational public copy: spindx
1997-12,1997-12-31,970.42999999999995,0.015731630730583923,1298.8199,0.017174462952955993,0.0047999999999999996,0.013109926928918325,0.0082265935955849918,0.0048833333333333341,1997-12-31,5.75,5.8600000000000003,CRSP educational public copy: spindx
1998-01,1998-01-30,980.27999999999997,0.010150139628824384,1313.1899000000001,0.011063889612409117,0.0043,0.021413139653658986,0.016621472986992319,0.0047916666666666672,1998-01-30,5.5300000000000002,5.75,CRSP educational public copy: spindx
1998-02,1998-02-27,1049.3399999999999,0.070449259395274799,1407.9000000000001,0.072122166032498436,0.0039000000000000003,-0.0021630728449953951,-0.0067714061783287283,0.0046083333333333332,1998-02-27,5.6200000000000001,5.5300000000000002,CRSP educational public copy: spindx
1998-03,1998-03-31,1101.75,0.04994568014180345,1480,0.051211023510192355,0.0039000000000000003,0.00093013043252776484,-0.0037532029008055688,0.0046833333333333336,1998-03-31,5.6699999999999999,5.6200000000000001,CRSP educational public copy: spindx
1998-04,1998-04-30,1111.75,0.0090764692534603952,1494.8900000000001,0.010060810810810894,0.0043,0.0039747062926704935,-0.00075029370732950657,0.004725,1998-04-30,5.6799999999999997,5.6699999999999999,CRSP educational public copy: spindx
1998-05,1998-05-29,1090.8199999999999,-0.018826174949404195,1469.1899000000001,-0.017191967301941946,0.0040000000000000001,0.013786993663495561,0.009053660330162229,0.0047333333333333333,1998-05-29,5.5599999999999996,5.6799999999999997,CRSP educational public copy: spindx
1998-06,1998-06-30,1133.8399999999999,0.039438220788031053,1528.8699999999999,0.040621093297741773,0.0040999999999999995,0.013737538194192656,0.0091042048608593225,0.0046333333333333331,1998-06-30,5.4400000000000004,5.5599999999999996,CRSP educational public copy: spindx
1998-07,1998-07-31,1120.6700000000001,-0.011615395470260248,1512.5899999999999,-0.010648387371064882,0.0040000000000000001,-6.1072969979036884e-06,-0.0045394406303312373,0.0045333333333333337,1998-07-31,5.5,5.4400000000000004,CRSP educational public copy: spindx
1998-08,1998-08-31,957.27999999999997,-0.14579671089616042,1293.9000000000001,-0.14457982665494273,0.0043,0.039350879699463714,0.034767546366130379,0.0045833333333333334,1998-08-31,5.0499999999999998,5.5,CRSP educational public copy: spindx
1998-09,1998-09-30,1017.01,0.062395537355841579,1376.79,0.064062137723162493,0.0045999999999999999,0.052712732858821498,0.048504399525488164,0.004208333333333333,1998-09-30,4.4400000000000004,5.0499999999999998,CRSP educational public copy: spindx
1998-10,1998-10-30,1098.6700000000001,0.080294195730622242,1488.78,0.081341381038502636,0.0032000000000000002,-0.012053187328111004,-0.015753187328111005,0.0037000000000000002,1998-10-30,4.6399999999999997,4.4400000000000004,CRSP educational public copy: spindx
1998-11,1998-11-30,1163.6300000000001,0.059126034204993294,1579.02,0.060613388143311964,0.0030999999999999999,-0.0039728367853404389,-0.0078395034520071048,0.0038666666666666663,1998-11-30,4.7400000000000002,4.6399999999999997,CRSP educational public copy: spindx
1998-12,1998-12-31,1229.23,0.056375308302467175,1670.01,0.057624349279933096,0.0038,0.011035585885766475,0.0070855858857664742,0.0039500000000000004,1998-12-31,4.6500000000000004,4.7400000000000002,CRSP educational public copy: spindx
1999-01,1999-01-29,1279.6400000000001,0.041009412396378231,1739.8399999999999,0.041814120873527649,0.0034999999999999996,0.003088084470426633,-0.00078691552957336737,0.0038750000000000004,1999-01-29,4.6600000000000001,4.6500000000000004,CRSP educational public copy: spindx
1999-02,1999-02-26,1238.3299999999999,-0.032282516957894525,1685.77,-0.031077570351296657,0.0034999999999999996,-0.044248489929382684,-0.04813182326271602,0.0038833333333333337,1999-02-26,5.29,4.6600000000000001,CRSP educational public copy: spindx
1999-03,1999-03-31,1286.3699999999999,0.038794182487705164,1753.21,0.04000545744674544,0.0043,0.0074700264351186263,0.0030616931017852927,0.0044083333333333335,1999-03-31,5.25,5.29,CRSP educational public copy: spindx
1999-04,1999-04-30,1335.1800000000001,0.037943981902563095,1821.1099999999999,0.038728960021902514,0.0037000000000000002,-0.0040016193828481539,-0.0083766193828481543,0.0043749999999999995,1999-04-30,5.3600000000000003,5.25,CRSP educational public copy: spindx
1999-05,1999-05-28,1301.8399999999999,-0.024970415973876281,1778.0999999999999,-0.023617464074108696,0.0034000000000000002,-0.01658044629773503,-0.021047112964401697,0.0044666666666666665,1999-05-28,5.6399999999999997,5.3600000000000003,CRSP educational public copy: spindx
1999-06,1999-06-30,1372.71,0.054438333435752551,1876.78,0.055497441088802724,0.0040000000000000001,-0.0079786952965410496,-0.012678695296541049,0.0047000000000000002,1999-06-30,5.8099999999999996,5.6399999999999997,CRSP educational public copy: spindx
1999-07,1999-07-30,1328.72,-0.032046098593293548,1818.1801,-0.031223638359317518,0.0038,-0.0033207578396154958,-0.0081624245062821635,0.0048416666666666669,1999-07-30,5.9199999999999999,5.8099999999999996,CRSP educational public copy: spindx
1999-08,1999-08-31,1320.4100000000001,-0.0062541393220543195,1809.1899000000001,-0.0049446146726608298,0.0039000000000000003,0.00049335980584674921,-0.0044399735274865846,0.0049333333333333338,1999-08-31,5.9800000000000004,5.9199999999999999,CRSP educational public copy: spindx
1999-09,1999-09-30,1282.71,-0.02855173771783015,1759.5899999999999,-0.02741553001152619,0.0039000000000000003,0.010925104760827198,0.0059417714274938643,0.0049833333333333335,1999-09-30,5.9000000000000004,5.9800000000000004,CRSP educational public copy: spindx
1999-10,1999-10-29,1362.9300000000001,0.062539467221741418,1870.9399000000001,0.063281730403105474,0.0039000000000000003,-0.003946991255276977,-0.0088636579219436434,0.0049166666666666673,1999-10-29,6.0199999999999996,5.9000000000000004,CRSP educational public copy: spindx
1999-11,1999-11-30,1388.9100000000001,0.01906187405075821,1908.97,0.020326735241468663,0.0035999999999999999,-0.0067152499945033473,-0.011731916661170013,0.0050166666666666667,1999-11-30,6.1799999999999997,6.0199999999999996,CRSP educational public copy: spindx
1999-12,1999-12-31,1469.25,0.057843920772404189,2021.4000000000001,0.058895634818776577,0.0044000000000000003,-0.014405389467407437,-0.019555389467407435,0.0051499999999999992,1999-12-31,6.4500000000000002,6.1799999999999997,CRSP educational public copy: spindx
2000-01,2000-01-31,1394.46,-0.050903522205206664,1919.8399999999999,-0.050242406253091954,0.0040999999999999995,-0.011110441765051715,-0.016485441765051716,0.0053750000000000004,2000-01-31,6.6799999999999997,6.4500000000000002,CRSP educational public copy: spindx
2000-02,2000-02-29,1366.4200000000001,-0.020108142219927405,1883.5,-0.01892866072172672,0.0043,0.024423491287028032,0.018856824620361364,0.0055666666666666668,2000-02-29,6.4199999999999999,6.6799999999999997,CRSP educational public copy: spindx
2000-03,2000-03-31,1498.5799999999999,0.096719895786068655,2067.7600000000002,0.097828510751261089,0.0046999999999999993,0.034143675561105313,0.028793675561105313,0.0053499999999999997,2000-03-31,6.0300000000000002,6.4199999999999999,CRSP educational public copy: spindx
2000-04,2000-04-28,1452.4300000000001,-0.030795820042973876,2005.55,-0.030085696599218559,0.0045999999999999999,-0.0096064241699940212,-0.014631424169994021,0.005025,2000-04-28,6.2300000000000004,6.0300000000000002,CRSP educational public copy: spindx
2000-05,2000-05-31,1420.5999999999999,-0.021914997624670529,1964.4000000000001,-0.020518062376904012,0.0050000000000000001,0.00081424486256431727,-0.0043774218041023492,0.0051916666666666665,2000-05-31,6.29,6.2300000000000004,CRSP educational public copy: spindx
2000-06,2000-06-30,1454.5999999999999,0.023933549204561366,2012.8299999999999,0.02465383832213397,0.0040000000000000001,0.024437450374070302,0.019195783707403637,0.0052416666666666662,2000-06-30,6.0300000000000002,6.29,CRSP educational public copy: spindx
2000-07,2000-07-31,1430.8299999999999,-0.016341262202667406,1981.3599999999999,-0.015634703377831238,0.0047999999999999996,0.0042870391857512402,-0.00073796081424875974,0.005025,2000-07-31,6.04,6.0300000000000002,CRSP educational public copy: spindx
2000-08,2000-08-31,1517.6800000000001,0.06069903482594019,2104.4299000000001,0.062113851092179262,0.0050000000000000001,0.028238781766292353,0.023205448432959019,0.0050333333333333332,2000-08-31,5.7300000000000004,6.04,CRSP educational public copy: spindx
2000-09,2000-09-29,1436.51,-0.053482947656950164,1993.3299999999999,-0.052793347975145233,0.0051000000000000004,-0.00044804613873539179,-0.0052230461387353924,0.0047750000000000006,2000-09-29,5.7999999999999998,5.7300000000000004,CRSP educational public copy: spindx
2000-10,2000-10-31,1429.4000000000001,-0.0049494956526581202,1984.9100000000001,-0.0042240873312496818,0.0056000000000000008,0.0070748804403819587,0.002241547107048626,0.0048333333333333327,2000-10-31,5.7699999999999996,5.7999999999999998,CRSP educational public copy: spindx
2000-11,2000-11-30,1314.95,-0.080068560235063702,1828.4200000000001,-0.078839846642920874,0.0051000000000000004,0.026769334985059068,0.021961001651725737,0.0048083333333333329,2000-11-30,5.4800000000000004,5.7699999999999996,CRSP educational public copy: spindx
2000-12,2000-12-29,1320.28,0.0040533860603064742,1837.3699999999999,0.0048949366119381832,0.0050000000000000001,0.032289723201795351,0.027723056535128684,0.0045666666666666668,2000-12-29,5.1200000000000001,5.4800000000000004,CRSP educational public copy: spindx
2001-01,2001-01-31,1366.01,0.034636592238010078,1902.55,0.035474618612473252,0.0054000000000000003,-0.0011063210698989412,-0.0053729877365656081,0.0042666666666666669,2001-01-31,5.1900000000000004,5.1200000000000001,CRSP educational public copy: spindx
2001-02,2001-02-28,1239.9400000000001,-0.092290686012547418,1729.0799999999999,-0.091177630022864053,0.0038,0.02531311742450959,0.020988117424509591,0.0043249999999999999,2001-02-28,4.9199999999999999,5.1900000000000004,CRSP educational public copy: spindx
2001-03,2001-03-30,1160.3299999999999,-0.064204719583205727,1619.54,-0.063351608948111093,0.0041999999999999997,0.003323027309934723,-0.0007769726900652774,0.0041000000000000003,2001-03-30,4.9299999999999997,4.9199999999999999,CRSP educational public copy: spindx
2001-04,2001-04-30,1249.46,0.076814354537071416,1745.3900000000001,0.077707250206848988,0.0039000000000000003,-0.027890010188887149,-0.031998343522220481,0.0041083333333333328,2001-04-30,5.3499999999999996,4.9299999999999997,CRSP educational public copy: spindx
2001-05,2001-05-31,1255.8199999999999,0.0050901989659533076,1757.0899999999999,0.0067033728851431107,0.0032000000000000002,-0.0016139569852033908,-0.0060722903185367241,0.0044583333333333332,2001-05-31,5.4299999999999997,5.3499999999999996,CRSP educational public copy: spindx
2001-06,2001-06-29,1224.4200000000001,-0.025003583316080213,1714.3199,-0.024341439539238174,0.0028000000000000004,0.0052843890802436455,0.000759389080243646,0.0045249999999999995,2001-06-29,5.4199999999999999,5.4299999999999997,CRSP educational public copy: spindx
2001-07,2001-07-31,1211.23,-0.010772447362833004,1697.45,-0.009840578762458474,0.0030000000000000001,0.031532776206040669,0.027016109539374004,0.0045166666666666662,2001-07-31,5.0700000000000003,5.4199999999999999,CRSP educational public copy: spindx
2001-08,2001-08-31,1133.5799999999999,-0.064108385690579084,1591.1801,-0.062605614303808621,0.0030999999999999999,0.021382791552514879,0.01715779155251488,0.0042250000000000005,2001-08-31,4.8499999999999996,5.0700000000000003,CRSP educational public copy: spindx
2001-09,2001-09-28,1040.9400000000001,-0.081723389615201314,1462.6899000000001,-0.080751512666605074,0.0028000000000000004,0.023770419181973423,0.019728752515306758,0.0040416666666666665,2001-09-28,4.5999999999999996,4.8499999999999996,CRSP educational public copy: spindx
2001-10,2001-10-31,1059.78,0.018099025880454089,1490.5799999999999,0.019067677981505105,0.0022000000000000001,0.027847192343397387,0.024013859010064052,0.0038333333333333331,2001-10-31,4.2999999999999998,4.5999999999999996,CRSP educational public copy: spindx
2001-11,2001-11-30,1139.45,0.075175979920360847,1604.9200000000001,0.076708395389714079,0.0017000000000000001,-0.03397541039011065,-0.037558743723443984,0.0035833333333333329,2001-11-30,4.7800000000000002,4.2999999999999998,CRSP educational public copy: spindx
2001-12,2001-12-31,1148.0799999999999,0.0075738294791345417,1618.98,0.0087605612740822014,0.0015,-0.018401443142147977,-0.022384776475481309,0.0039833333333333335,2001-12-31,5.0700000000000003,4.7800000000000002,CRSP educational public copy: spindx
2002-01,2002-01-31,1130.2,-0.015573827607832103,1595.3499999999999,-0.014595609581341429,0.0014000000000000002,0.0042249999999999233,-7.7195194680967916e-17,0.0042250000000000005,2002-01-31,5.0700000000000003,5.0700000000000003,CRSP educational public copy: spindx
2002-02,2002-02-28,1106.73,-0.020766236064413413,1564.5899999999999,-0.019281035509449373,0.0012999999999999999,0.019022202757583706,0.014797202757583706,0.0042250000000000005,2002-02-28,4.8799999999999999,5.0700000000000003,CRSP educational public copy: spindx
2002-03,2002-03-28,1147.3900000000001,0.036738861330225081,1623.4301,0.037607360394736,0.0012999999999999999,-0.036940343666491238,-0.041007010333157901,0.0040666666666666663,2002-03-28,5.4199999999999999,4.8799999999999999,CRSP educational public copy: spindx
2002-04,2002-04-30,1076.9200000000001,-0.061417652236815723,1525,-0.060630944319684632,0.0015,0.028400467890612235,0.02388380122394557,0.0045166666666666662,2002-04-30,5.1100000000000003,5.4199999999999999,CRSP educational public copy: spindx
2002-05,2002-05-31,1067.1400000000001,-0.0090814545184414452,1513.77,-0.0073639344262295126,0.0014000000000000002,0.0065729160268619413,0.0023145826935286077,0.0042583333333333336,2002-05-31,5.0800000000000001,5.1100000000000003,CRSP educational public copy: spindx
2002-06,2002-06-28,989.80999999999995,-0.072464718781041104,1405.9399000000001,-0.071232816081703287,0.0012999999999999999,0.021383056592819916,0.017149723259486584,0.0042333333333333329,2002-06-28,4.8600000000000003,5.0800000000000001,CRSP educational public copy: spindx
2002-07,2002-07-31,911.62,-0.078994958628423539,1296.3399999999999,-0.077954896934072426,0.0015,0.031788173187419222,0.02773817318741922,0.0040500000000000006,2002-07-31,4.5099999999999998,4.8600000000000003,CRSP educational public copy: spindx
2002-08,2002-08-30,916.07000000000005,0.0048814198898663452,1304.8599999999999,0.0065723498464909103,0.0014000000000000002,0.033602202281592941,0.029843868948259609,0.0037583333333333336,2002-08-30,4.1399999999999997,4.5099999999999998,CRSP educational public copy: spindx
2002-09,2002-09-30,815.28999999999996,-0.1100134269215236,1163.04,-0.10868598930153417,0.0014000000000000002,0.045605868653083359,0.042155868653083357,0.0034499999999999999,2002-09-30,3.6299999999999999,4.1399999999999997,CRSP educational public copy: spindx
2002-10,2002-10-31,885.75999999999999,0.08643550147800183,1265.4100000000001,0.088019328655936313,0.0014000000000000002,-0.021417163921033766,-0.024442163921033766,0.0030249999999999999,2002-10-31,3.9300000000000002,3.6299999999999999,CRSP educational public copy: spindx
2002-11,2002-11-29,936.30999999999995,0.057069635115606809,1339.8900000000001,0.058858393722192925,0.0011999999999999999,-0.020027023944997002,-0.023302023944997002,0.0032750000000000001,2002-11-29,4.2199999999999998,3.9300000000000002,CRSP educational public copy: spindx
2002-12,2002-12-31,879.82000000000005,-0.060332582157618608,1261.1801,-0.058743553575293483,0.0011000000000000001,0.035444423513370404,0.031927756846703736,0.0035166666666666662,2002-12-31,3.8300000000000001,4.2199999999999998,CRSP educational public copy: spindx
2003-01,2003-01-31,855.70000000000005,-0.027414698461048825,1228.1400000000001,-0.026197765093185277,0.001,-0.010612498975938522,-0.01380416564260519,0.0031916666666666669,2003-01-31,4,3.8300000000000001,CRSP educational public copy: spindx
2003-02,2003-02-28,841.14999999999998,-0.017003622764987791,1209.71,-0.015006432491409871,0.00089999999999999998,0.027212002232262389,0.023878668898929055,0.0033333333333333335,2003-02-28,3.71,4,CRSP educational public copy: spindx
2003-03,2003-03-31,848.17999999999995,0.0083576056589194092,1221.46,0.0097130717279347856,0.001,-0.0067322585169344862,-0.0098239251836011524,0.0030916666666666666,2003-03-31,3.8300000000000001,3.71,CRSP educational public copy: spindx
2003-04,2003-04-30,916.91999999999996,0.081044117993822162,1322.0699,0.082368558937664593,0.001,-0.0017061585108160138,-0.0048978251774826811,0.0031916666666666669,2003-04-30,3.8900000000000001,3.8300000000000001,CRSP educational public copy: spindx
2003-05,2003-05-30,963.59000000000003,0.050898660733760925,1391.72,0.052682615344317396,0.00089999999999999998,0.046768493794735688,0.043526827128069018,0.003241666666666667,2003-05-30,3.3700000000000001,3.8900000000000001,CRSP educational public copy: spindx
2003-06,2003-06-30,974.5,0.011322242862628284,1409.48,0.012761187595205836,0.001,-0.011304863500797402,-0.014113196834130735,0.0028083333333333333,2003-06-30,3.54,3.3700000000000001,CRSP educational public copy: spindx
2003-07,2003-07-31,990.30999999999995,0.016223704463827593,1434.3299999999999,0.017630615546158745,0.0007000000000000001,-0.072410722083854906,-0.0753607220838549,0.0029499999999999999,2003-07-31,4.4900000000000002,3.54,CRSP educational public copy: spindx
2003-08,2003-08-29,1008.01,0.017873191222950391,1462.3,0.01950039391214009,0.0007000000000000001,0.0069207742940242678,0.0031791076273576008,0.003741666666666667,2003-08-29,4.4500000000000002,4.4900000000000002,CRSP educational public copy: spindx
2003-09,2003-09-30,995.97000000000003,-0.011944325949147294,1446.77,-0.010620255761471631,0.00080000000000000004,0.043573145054399909,0.039864811721066575,0.0037083333333333339,2003-09-30,3.96,4.4500000000000002,CRSP educational public copy: spindx
2003-10,2003-10-31,1050.71,0.054961494824141255,1528.6199999999999,0.056574299992396826,0.0007000000000000001,-0.026274849626802155,-0.029574849626802156,0.0032999999999999995,2003-10-31,4.3300000000000001,3.96,CRSP educational public copy: spindx
2003-11,2003-11-28,1058.2,0.0071285131006653124,1542.0699,0.0087987204144914788,0.0007000000000000001,0.00280939311887618,-0.00079894021445715314,0.0036083333333333332,2003-11-28,4.3399999999999999,4.3300000000000001,CRSP educational public copy: spindx
2003-12,2003-12-31,1111.9200000000001,0.050765450765450693,1622.9399000000001,0.05244249952612412,0.00080000000000000004,0.0092279088962037292,0.0056112422295370619,0.0036166666666666669,2003-12-31,4.2699999999999996,4.3399999999999999,CRSP educational public copy: spindx
2004-01,2004-01-30,1131.1300000000001,0.017276422764227695,1652.73,0.01835563966355136,0.0007000000000000001,0.012422366722143252,0.0088640333888099186,0.0035583333333333331,2004-01-30,4.1600000000000001,4.2699999999999996,CRSP educational public copy: spindx
2004-02,2004-02-27,1144.9400000000001,0.012209029908144986,1675.7,0.01389821688963111,0.00059999999999999995,0.017277446279699182,0.013810779613032516,0.0034666666666666665,2004-02-27,3.9900000000000002,4.1600000000000001,CRSP educational public copy: spindx
2004-03,2004-03-31,1126.21,-0.016358935839432598,1650.4200000000001,-0.015086232619203943,0.00089999999999999998,0.013952254184925517,0.010627254184925517,0.0033250000000000003,2004-03-31,3.8599999999999999,3.9900000000000002,CRSP educational public copy: spindx
2004-04,2004-04-30,1107.3,-0.016790829419024988,1624.51,-0.01569903418523777,0.00080000000000000004,-0.049831838887042901,-0.053048505553709567,0.0032166666666666663,2004-04-30,4.5300000000000002,3.8599999999999999,CRSP educational public copy: spindx
2004-05,2004-05-28,1120.6800000000001,0.012083446220536587,1646.8,0.013721060504398253,0.00059999999999999995,-0.0064549018844552997,-0.0102299018844553,0.0037750000000000001,2004-05-28,4.6600000000000001,4.5300000000000002,CRSP educational public copy: spindx
2004-06,2004-06-30,1140.8399999999999,0.017989078059749364,1678.8299999999999,0.019449842118047123,0.00080000000000000004,0.0070369502247809024,0.0031536168914475687,0.0038833333333333337,2004-06-30,4.6200000000000001,4.6600000000000001,CRSP educational public copy: spindx
2004-07,2004-07-30,1101.72,-0.034290522772693732,1623.26,-0.033100433039676358,0.001,0.013364738409156862,0.0095147384091568629,0.0038499999999999997,2004-07-30,4.5,4.6200000000000001,CRSP educational public copy: spindx
2004-08,2004-08-31,1104.24,0.0022873325345822426,1629.8299999999999,0.0040474107659893566,0.0011000000000000001,0.033608125640246955,0.029858125640246955,0.0037499999999999999,2004-08-31,4.1299999999999999,4.5,CRSP educational public copy: spindx
2004-09,2004-09-30,1114.5799999999999,0.0093639063971600045,1647.48,0.010829350300338048,0.0011000000000000001,0.0026350756140109954,-0.00080659105265567079,0.0034416666666666662,2004-09-30,4.1399999999999997,4.1299999999999999,CRSP educational public copy: spindx
2004-10,2004-10-29,1130.2,0.014014247519245071,1672.6500000000001,0.015277878942384859,0.0011000000000000001,0.010740616352617582,0.0072906163526175825,0.0034499999999999999,2004-10-29,4.0499999999999998,4.1399999999999997,CRSP educational public copy: spindx
2004-11,2004-11-30,1173.8199999999999,0.038594938948858459,1740.3299999999999,0.040462738767823359,0.0015,-0.021368608102594555,-0.024743608102594555,0.003375,2004-11-30,4.3600000000000003,4.0499999999999998,CRSP educational public copy: spindx
2004-12,2004-12-31,1211.9200000000001,0.032458128162750732,1799.55,0.03402802916688219,0.0016000000000000001,0.013266362893741501,0.0096330295604081673,0.0036333333333333335,2004-12-31,4.2400000000000002,4.3600000000000003,CRSP educational public copy: spindx
2005-01,2005-01-31,1181.27,-0.025290448214403627,1755.6801,-0.024378261231974618,0.0016000000000000001,0.011599243859889974,0.0080659105265566411,0.0035333333333333332,2005-01-31,4.1399999999999997,4.2400000000000002,CRSP educational public copy: spindx
2005-02,2005-02-28,1203.5999999999999,0.018903383646414307,1792.6300000000001,0.021045918331021651,0.0016000000000000001,-0.01410997994377694,-0.017559979943776942,0.0034499999999999999,2005-02-28,4.3600000000000003,4.1399999999999997,CRSP educational public copy: spindx
2005-03,2005-03-31,1180.5899999999999,-0.019117647058823573,1760.8900000000001,-0.017705828865967832,0.0020999999999999999,-0.007467194810683031,-0.011100528144016365,0.0036333333333333335,2005-03-31,4.5,4.3600000000000003,CRSP educational public copy: spindx
2005-04,2005-04-29,1156.8499999999999,-0.02010858977291019,1727.49,-0.018967681115799495,0.0020999999999999999,0.027063136672359267,0.023313136672359267,0.0037499999999999999,2005-04-29,4.21,4.5,CRSP educational public copy: spindx
2005-05,2005-05-31,1191.5,0.029952024895189666,1782.46,0.031820734128706896,0.0023999999999999998,0.020560537950669033,0.017052204617335701,0.0035083333333333334,2005-05-31,4,4.21,CRSP educational public copy: spindx
2005-06,2005-06-30,1191.3299999999999,-0.00014267729752415192,1784.99,0.0014193866903045027,0.0023,0.0082194220756415248,0.0048860887423081908,0.0033333333333333335,2005-06-30,3.9399999999999999,4,CRSP educational public copy: spindx
2005-07,2005-07-29,1234.1800000000001,0.035968203604375137,1851.3699999999999,0.03718788340550927,0.0023999999999999998,-0.023958296778756716,-0.027241630112090048,0.003283333333333333,2005-07-29,4.2800000000000002,3.9399999999999999,CRSP educational public copy: spindx
2005-08,2005-08-31,1220.3299999999999,-0.011222025960556881,1834.48,-0.0091229737977821523,0.0030000000000000001,0.024658709983155891,0.021092043316489225,0.0035666666666666672,2005-08-31,4.0199999999999996,4.2800000000000002,CRSP educational public copy: spindx
2005-09,2005-09-30,1228.8099999999999,0.0069489400408087043,1849.3299999999999,0.0080949369848675179,0.0028999999999999998,-0.022216086862624884,-0.025566086862624883,0.0033499999999999992,2005-09-30,4.3399999999999999,4.0199999999999996,CRSP educational public copy: spindx
2005-10,2005-10-31,1207.01,-0.017740741042146402,1818.5,-0.016670902434935853,0.0027000000000000001,-0.014559562557289407,-0.018176229223956075,0.0036166666666666669,2005-10-31,4.5700000000000003,4.3399999999999999,CRSP educational public copy: spindx
2005-11,2005-11-30,1249.48,0.03518612107604735,1887.28,0.037822381083310486,0.0030999999999999999,0.01015449940355273,0.0063461660702193966,0.0038083333333333337,2005-11-30,4.4900000000000002,4.5700000000000003,CRSP educational public copy: spindx
2005-12,2005-12-30,1248.29,-0.00095239619681797283,1887.9399000000001,0.00034965664872199653,0.0032000000000000002,0.011712105669383632,0.0079704390027169648,0.003741666666666667,2005-12-30,4.3899999999999997,4.4900000000000002,CRSP educational public copy: spindx
2006-01,2006-01-31,1280.0799999999999,0.025466838635253009,1937.9301,0.026478703056172392,0.0034999999999999996,-0.0074264290211731865,-0.011084762354506519,0.0036583333333333329,2006-01-31,4.5300000000000002,4.3899999999999997,CRSP educational public copy: spindx
2006-02,2006-02-28,1280.6600000000001,0.00045309668145754323,1943.1899000000001,0.0027141329813702431,0.0034000000000000002,0.0021929614517304241,-0.001582038548269576,0.0037750000000000001,2006-02-28,4.5499999999999998,4.5300000000000002,CRSP educational public copy: spindx
2006-03,2006-03-31,1294.8299999999999,0.011064607311854768,1967.3800000000001,0.012448654657992941,0.0037000000000000002,-0.02037385247170076,-0.024165519138367425,0.0037916666666666667,2006-03-31,4.8600000000000003,4.5499999999999998,CRSP educational public copy: spindx
2006-04,2006-04-28,1310.6099999999999,0.012186928013716125,1993.79,0.013423944535371879,0.0035999999999999999,-0.012159665723624369,-0.01620966572362437,0.0040500000000000006,2006-04-28,5.0700000000000003,4.8600000000000003,CRSP educational public copy: spindx
2006-05,2006-05-31,1270.0899999999999,-0.03091690129023883,1936.4100000000001,-0.028779359912528335,0.0043,0.00037457548123209783,-0.0038504245187679026,0.0042250000000000005,2006-05-31,5.1200000000000001,5.0700000000000003,CRSP educational public copy: spindx
2006-06,2006-06-30,1270.2,8.6608035651192239e-05,1939.03,0.0013530192469568547,0.0040000000000000001,0.0019596502189194176,-0.0023070164477472493,0.0042666666666666669,2006-06-30,5.1500000000000004,5.1200000000000001,CRSP educational public copy: spindx
2006-07,2006-07-31,1276.6600000000001,0.0050858132577547011,1951,0.0061731896876273673,0.0040000000000000001,0.016688273974408308,0.012396607307741642,0.0042916666666666667,2006-07-31,4.9900000000000002,5.1500000000000004,CRSP educational public copy: spindx
2006-08,2006-08-31,1303.8199999999999,0.021274262528785837,1997.4200000000001,0.023792926704254258,0.0041999999999999997,0.023757091963350963,0.019598758630017629,0.0041583333333333333,2006-08-31,4.7400000000000002,4.9900000000000002,CRSP educational public copy: spindx
2006-09,2006-09-29,1335.8499999999999,0.024566274485741779,2048.8899000000001,0.025768190966346527,0.0040999999999999995,0.011826593664055585,0.0078765936640555843,0.0039500000000000004,2006-09-29,4.6399999999999997,4.7400000000000002,CRSP educational public copy: spindx
2006-10,2006-10-31,1377.9400000000001,0.031508028596025195,2115.6498999999999,0.032583498020074098,0.0040999999999999995,0.0062329977685791071,0.0023663311019124409,0.0038666666666666663,2006-10-31,4.6100000000000003,4.6399999999999997,CRSP educational public copy: spindx
2006-11,2006-11-30,1400.6300000000001,0.016466609576614388,2155.8899000000001,0.019020160188129465,0.0041999999999999997,0.015757666396663872,0.011915999729997205,0.0038416666666666668,2006-11-30,4.46,4.6100000000000003,CRSP educational public copy: spindx
2006-12,2006-12-29,1418.3,0.012615751483260995,2186.1298999999999,0.014026690324028035,0.0040000000000000001,-0.015909843018824477,-0.019626509685491143,0.0037166666666666667,2006-12-29,4.71,4.46,CRSP educational public copy: spindx
2007-01,2007-01-31,1438.24,0.014059084819854739,2219.1898999999999,0.015122614625965314,0.0044000000000000003,-0.0054426061894304878,-0.0093676061894304892,0.0039250000000000005,2007-01-31,4.8300000000000001,4.71,CRSP educational public copy: spindx
2007-02,2007-02-28,1406.8199999999999,-0.021846145288686225,2175.7800000000002,-0.019561147065422224,0.0038,0.025372413020610995,0.021347413020610995,0.0040249999999999999,2007-02-28,4.5599999999999996,4.8300000000000001,CRSP educational public copy: spindx
2007-03,2007-03-30,1420.8599999999999,0.0099799547916576969,2200.1201000000001,0.011186838742887506,0.0043,-0.003285585885766551,-0.0070855858857665505,0.0037999999999999996,2007-03-30,4.6500000000000004,4.5599999999999996,CRSP educational public copy: spindx
2007-04,2007-04-30,1482.3699999999999,0.043290683107413797,2297.5801000000001,0.044297581754741522,0.0044000000000000003,0.0054510633341529058,0.0015760633341529054,0.0038750000000000004,2007-04-30,4.6299999999999999,4.6500000000000004,CRSP educational public copy: spindx
2007-05,2007-05-31,1530.6199999999999,0.032549228600146973,2377.75,0.034893190448507028,0.0040999999999999995,-0.017149513862633858,-0.02100784719596719,0.0038583333333333334,2007-05-31,4.9000000000000004,4.6299999999999999,CRSP educational public copy: spindx
2007-06,2007-06-29,1503.3499999999999,-0.017816309730697366,2338.25,-0.016612343602144919,0.0040000000000000001,-0.0059700401919016155,-0.01005337352523495,0.0040833333333333338,2007-06-29,5.0300000000000002,4.9000000000000004,CRSP educational public copy: spindx
2007-07,2007-07-31,1455.27,-0.031981907074200899,2265.75,-0.031006094301293752,0.0040000000000000001,0.02375351235596046,0.019561845689293793,0.0041916666666666673,2007-07-31,4.7800000000000002,5.0300000000000002,CRSP educational public copy: spindx
2007-08,2007-08-31,1473.99,0.012863592323073991,2299.71,0.01498841443230714,0.0041999999999999997,0.022976786414231398,0.018993453080898066,0.0039833333333333335,2007-08-31,4.54,4.7800000000000002,CRSP educational public copy: spindx
2007-09,2007-09-28,1526.75,0.03579400131615551,2385.7199999999998,0.037400367872470808,0.0032000000000000002,-0.00016428378164334845,-0.0039476171149766814,0.0037833333333333334,2007-09-28,4.5899999999999999,4.54,CRSP educational public copy: spindx
2007-10,2007-10-31,1549.3800000000001,0.014822335025380884,2423.6698999999999,0.015907105611723038,0.0032000000000000002,0.01255511598998682,0.00873011598998682,0.0038249999999999998,2007-10-31,4.4800000000000004,4.5899999999999999,CRSP educational public copy: spindx
2007-11,2007-11-30,1481.1400000000001,-0.044043423821141348,2322.3400999999999,-0.041808416236881141,0.0034000000000000002,0.045205397143900372,0.041472063810567041,0.0037333333333333337,2007-11-30,3.9700000000000002,4.4800000000000004,CRSP educational public copy: spindx
2007-12,2007-12-31,1468.3599999999999,-0.008628488866683881,2306.23,-0.0069370115083488004,0.0027000000000000001,-0.0023648600642649509,-0.0056731933975982841,0.0033083333333333333,2007-12-31,4.04,3.9700000000000002,CRSP educational public copy: spindx
2008-01,2008-01-31,1378.55,-0.061163474897164116,2167.8998999999999,-0.059981051326190471,0.0020999999999999999,0.033891363612189362,0.030524696945522695,0.0033666666666666667,2008-01-31,3.6699999999999999,4.04,CRSP educational public copy: spindx
2008-02,2008-02-29,1330.6300000000001,-0.034761162090602316,2097.48,-0.032483003481848849,0.0012999999999999999,0.014686589226974522,0.011628255893641189,0.003058333333333333,2008-02-29,3.5299999999999998,3.6699999999999999,CRSP educational public copy: spindx
2008-03,2008-03-31,1322.7,-0.0059595830546433914,2088.4198999999999,-0.0043195167534375578,0.0017000000000000001,0.0096121709950161005,0.0066705043283494334,0.0029416666666666666,2008-03-31,3.4500000000000002,3.5299999999999998,CRSP educational public copy: spindx
2008-04,2008-04-30,1385.5899999999999,0.047546684811370588,2190.1298999999999,0.048701891798675234,0.0018,-0.023397847219353674,-0.026272847219353673,0.0028750000000000004,2008-04-30,3.77,3.4500000000000002,CRSP educational public copy: spindx
2008-05,2008-05-30,1400.3800000000001,0.010674153248796614,2218.5,0.012953615217069947,0.0018,-0.020339083352396203,-0.023480750019062871,0.0031416666666666663,2008-05-30,4.0599999999999996,3.77,CRSP educational public copy: spindx
2008-06,2008-06-30,1280,-0.085962381639269392,2031.47,-0.084304710389903059,0.0017000000000000001,0.0090701249386997418,0.0056867916053664081,0.0033833333333333332,2008-06-30,3.9900000000000002,4.0599999999999996,CRSP educational public copy: spindx
2008-07,2008-07-31,1267.3800000000001,-0.0098593749999998925,2014.3900000000001,-0.0084077047655145565,0.0015,0.0033250000000000224,2.211772431870429e-17,0.0033250000000000003,2008-07-31,3.9900000000000002,3.9900000000000002,CRSP educational public copy: spindx
2008-08,2008-08-29,1282.8299999999999,0.012190503242910378,2043.53,0.014465917721990129,0.0012999999999999999,0.01642356691146829,0.01309856691146829,0.0033250000000000003,2008-08-29,3.8300000000000001,3.9900000000000002,CRSP educational public copy: spindx
2008-09,2008-09-30,1166.3599999999999,-0.090791453271283018,1861.4399000000001,-0.089105665196987482,0.0015,0.0015559188012927994,-0.0016357478653738675,0.0031916666666666669,2008-09-30,3.8500000000000001,3.8300000000000001,CRSP educational public copy: spindx
2008-10,2008-10-31,968.75,-0.16942453444905514,1548.8100999999999,-0.16795052045462233,0.00080000000000000004,-0.0097776019506772283,-0.012985935284010562,0.0032083333333333334,2008-10-31,4.0099999999999998,3.8500000000000001,CRSP educational public copy: spindx
2008-11,2008-11-28,896.24000000000001,-0.074849032258064496,1437.6801,-0.071751856473559861,0.00029999999999999997,0.095704202981918174,0.092362536315251514,0.0033416666666666664,2008-11-28,2.9300000000000002,4.0099999999999998,CRSP educational public copy: spindx
2008-12,2008-12-31,903.25,0.0078215656520574939,1452.98,0.010642075382416349,0,0.062580239343770439,0.06013857267710377,0.0024416666666666671,2008-12-31,2.25,2.9300000000000002,CRSP educational public copy: spindx
2009-01,2009-01-30,825.88,-0.085657348463880401,1330.51,-0.084288840864981007,0,-0.051304125228299635,-0.053179125228299637,0.0018749999999999999,2009-01-30,2.8700000000000001,2.25,CRSP educational public copy: spindx
2009-02,2009-02-27,735.09000000000003,-0.10993122487528451,1188.8399999999999,-0.10647796709532442,0.0001,-0.010380079303563883,-0.01277174597023055,0.0023916666666666665,2009-02-27,3.02,2.8700000000000001,CRSP educational public copy: spindx
2009-03,2009-03-31,797.87,0.085404508291501591,1292.98,0.087597994683893621,0.00020000000000000001,0.029316093562814061,0.026799426896147394,0.0025166666666666666,2009-03-31,2.71,3.02,CRSP educational public copy: spindx
2009-04,2009-04-30,872.80999999999995,0.093925075513554779,1416.73,0.09570913703228201,0.0001,-0.03579588675356149,-0.038054220086894824,0.0022583333333333331,2009-04-30,3.1600000000000001,2.71,CRSP educational public copy: spindx
2009-05,2009-05-29,919.13999999999999,0.053081426656431674,1495.97,0.055931617174761694,0,-0.023189837951429926,-0.025823171284763261,0.0026333333333333334,2009-05-29,3.4700000000000002,3.1600000000000001,CRSP educational public copy: spindx
2009-06,2009-06-30,919.32000000000005,0.00019583523728705643,1498.9399000000001,0.0019852670842330777,0.0001,-0.0020918715734652427,-0.00498353824013191,0.002891666666666667,2009-06-30,3.5299999999999998,3.4700000000000002,CRSP educational public copy: spindx
2009-07,2009-07-31,987.48000000000002,0.074141756950789617,1612.3100999999999,0.075633586109756568,0.0001,0.0037726583102535294,0.00083099164358686273,0.0029416666666666666,2009-07-31,3.52,3.5299999999999998,CRSP educational public copy: spindx
2009-08,2009-08-31,1020.62,0.033560173370599911,1670.52,0.036103414597477235,0.0001,0.012963374384141746,0.010030041050808413,0.0029333333333333334,2009-08-31,3.3999999999999999,3.52,CRSP educational public copy: spindx
2009-09,2009-09-30,1057.0799999999999,0.035723383825517763,1732.8599999999999,0.037317721428058226,0.0001,0.01038880851496482,0.0075554751816314866,0.0028333333333333335,2009-09-30,3.3100000000000001,3.3999999999999999,CRSP educational public copy: spindx
2009-10,2009-10-30,1036.1900000000001,-0.019761985847807084,1700.6700000000001,-0.018576226584951949,0,-0.0055959811460244424,-0.0083543144793577755,0.0027583333333333331,2009-10-30,3.4100000000000001,3.3100000000000001,CRSP educational public copy: spindx
2009-11,2009-11-30,1095.6300000000001,0.057363996950366314,1802.6801,0.059982301093098656,0,0.019713496227867111,0.016871829561200445,0.0028416666666666664,2009-11-30,3.21,3.4100000000000001,CRSP educational public copy: spindx
2009-12,2009-12-31,1115.0999999999999,0.017770597738287375,1837.5,0.019315628990412614,0.0001,-0.049668931691961182,-0.052343931691961179,0.0026749999999999999,2009-12-31,3.8500000000000001,3.21,CRSP educational public copy: spindx
2010-01,2010-01-29,1073.8699999999999,-0.036974262397991176,1771.4000000000001,-0.035972789115646164,0,0.021393217850349533,0.018184884517016199,0.0032083333333333334,2010-01-29,3.6299999999999999,3.8500000000000001,CRSP educational public copy: spindx
2010-02,2010-02-26,1104.49,0.028513693463827261,1826.27,0.030975499604832368,0,0.0046797684921475735,0.0016547684921475736,0.0030249999999999999,2010-02-26,3.6099999999999999,3.6299999999999999,CRSP educational public copy: spindx
2010-03,2010-03-31,1169.4300000000001,0.058796367554255768,1936.48,0.06034704616513431,0.0001,-0.015811808729688348,-0.018820142063021683,0.0030083333333333333,2010-03-31,3.8399999999999999,3.6099999999999999,CRSP educational public copy: spindx
2010-04,2010-04-30,1186.6900000000001,0.014759327193589966,1967.05,0.015786375278856513,0.0001,0.015562948120503073,0.012362948120503073,0.0031999999999999997,2010-04-30,3.6899999999999999,3.8399999999999999,CRSP educational public copy: spindx
2010-05,2010-05-28,1089.4100000000001,-0.081975916203894883,1809.98,-0.07985053760707661,0.0001,0.034975895211332819,0.031900895211332818,0.003075,2010-05-28,3.3100000000000001,3.6899999999999999,CRSP educational public copy: spindx
2010-06,2010-06-30,1030.71,-0.053882376699314394,1715.23,-0.05234864473640588,0.0001,0.031778526925119621,0.029020193591786286,0.0027583333333333331,2010-06-30,2.9700000000000002,3.3100000000000001,CRSP educational public copy: spindx
2010-07,2010-07-30,1101.5999999999999,0.068777832756061308,1835.4000000000001,0.070060574966622546,0.0001,0.0050393695167492147,0.0025643695167492145,0.0024750000000000002,2010-07-30,2.9399999999999999,2.9700000000000002,CRSP educational public copy: spindx
2010-08,2010-08-31,1049.3299999999999,-0.047449164851125603,1752.55,-0.045140023972976007,0.0001,0.043565420825870893,0.041115420825870892,0.0024499999999999999,2010-08-31,2.4700000000000002,2.9399999999999999,CRSP educational public copy: spindx
2010-09,2010-09-30,1141.2,0.087551104037814742,1908.95,0.08924139111580276,0.0001,-0.0031748979731657245,-0.0052332313064990584,0.0020583333333333335,2010-09-30,2.5299999999999998,2.4700000000000002,CRSP educational public copy: spindx
2010-10,2010-10-29,1183.26,0.036855941114616098,1981.5899999999999,0.038052332434060476,0.0001,-0.0065707785266925223,-0.0086791118600258559,0.0021083333333333332,2010-10-29,2.6299999999999999,2.5299999999999998,CRSP educational public copy: spindx
2010-11,2010-11-30,1180.55,-0.0022902827780877377,1981.8399999999999,0.00012616131490372773,0.0001,-0.013292970185474928,-0.015484636852141595,0.0021916666666666668,2010-11-30,2.8100000000000001,2.6299999999999999,CRSP educational public copy: spindx
2010-12,2010-12-31,1257.6400000000001,0.065300072000338938,2114.29,0.066831833044039834,0.0001,-0.03881369706234894,-0.041155363729015605,0.0023416666666666668,2010-12-31,3.2999999999999998,2.8100000000000001,CRSP educational public copy: spindx
2011-01,2011-01-31,1286.1199999999999,0.022645590152984729,2164.3998999999999,0.023700580336661448,0.0001,-0.0072703170844115039,-0.010020317084411505,0.0027500000000000003,2011-01-31,3.4199999999999999,3.2999999999999998,CRSP educational public copy: spindx
2011-02,2011-02-28,1327.22,0.031956582589494076,2238.5500000000002,0.034258964805903069,0.0001,0.0028500000000000192,1.9081958235744878e-17,0.0028500000000000001,2011-02-28,3.4199999999999999,3.4199999999999999,CRSP educational public copy: spindx
2011-03,2011-03-31,1325.8299999999999,-0.0010473018791158362,2239.4398999999999,0.00039753411806731087,0.0001,-0.0013150276265747607,-0.0041650276265747608,0.0028500000000000001,2011-03-31,3.4700000000000002,3.4199999999999999,CRSP educational public copy: spindx
2011-04,2011-04-29,1363.6099999999999,0.028495357625034856,2305.7600000000002,0.02961459247019782,0,0.015478007471550592,0.012586340804883925,0.002891666666666667,2011-04-29,3.3199999999999998,3.4700000000000002,CRSP educational public copy: spindx
2011-05,2011-05-31,1345.2,-0.01350092768460176,2279.6599000000001,-0.011319521546041211,0,0.02572212079606917,0.022955454129402503,0.0027666666666666668,2011-05-31,3.0499999999999998,3.3199999999999998,CRSP educational public copy: spindx
2011-06,2011-06-30,1320.6400000000001,-0.018257508177222714,2241.6599000000001,-0.016669153148678006,0,-0.0084410626251609777,-0.010982729291827644,0.0025416666666666665,2011-06-30,3.1800000000000002,3.0499999999999998,CRSP educational public copy: spindx
2011-07,2011-07-29,1292.28,-0.021474436636782279,2196.0801000000001,-0.020333057659638776,0,0.033604068413447763,0.030954068413447763,0.00265,2011-07-29,2.8199999999999998,3.1800000000000002,CRSP educational public copy: spindx
2011-08,2011-08-31,1218.8900000000001,-0.056791097904478782,2076.7800000000002,-0.054324111401947484,0.0001,0.054580955050619995,0.052230955050619997,0.0023500000000000001,2011-08-31,2.23,2.8199999999999998,CRSP educational public copy: spindx
2011-09,2011-09-30,1131.4200000000001,-0.071762012979021961,1930.79,-0.070296324117143039,0,0.029729363000998932,0.027871029667665598,0.0018583333333333334,2011-09-30,1.9199999999999999,2.23,CRSP educational public copy: spindx
2011-10,2011-10-31,1253.3,0.10772303830584562,2141.8101000000001,0.10929210323235572,0,-0.020597921284770671,-0.022197921284770671,0.0015999999999999999,2011-10-31,2.1699999999999999,1.9199999999999999,CRSP educational public copy: spindx
2011-11,2011-11-30,1246.96,-0.0050586451767333784,2137.0801000000001,-0.0022084124078040057,0,0.0098355019216429529,0.0080271685883096192,0.0018083333333333335,2011-11-30,2.0800000000000001,2.1699999999999999,CRSP educational public copy: spindx
2011-12,2011-12-30,1257.5999999999999,0.0085327516520175006,2158.9398999999999,0.010228816411701036,0,0.01884124949713839,0.017107916163805057,0.0017333333333333333,2011-12-30,1.8899999999999999,2.0800000000000001,CRSP educational public copy: spindx
2012-01,2012-01-31,1312.4100000000001,0.043583015267175673,2255.6898999999999,0.044813660630386165,0,0.0069937657622172189,0.0054187657622172189,0.001575,2012-01-31,1.8300000000000001,1.8899999999999999,CRSP educational public copy: spindx
2012-02,2012-02-29,1365.6800000000001,0.040589449943234213,2353.23,0.043241803760348585,0,-0.011920576332523858,-0.013445576332523858,0.0015250000000000001,2012-02-29,1.98,1.8300000000000001,CRSP educational public copy: spindx
2012-03,2012-03-30,1408.47,0.031332376545017748,2430.6698999999999,0.032907918053058927,0,-0.020481760614669442,-0.022131760614669441,0.0016499999999999998,2012-03-30,2.23,1.98,CRSP educational public copy: spindx
2012-04,2012-04-30,1397.9100000000001,-0.007497497284287169,2415.4198999999999,-0.0062739905570887711,0,0.026994414391902311,0.025136081058568977,0.0018583333333333334,2012-04-30,1.95,2.23,CRSP educational public copy: spindx
2012-05,2012-05-31,1310.3299999999999,-0.062650671359386623,2270.25,-0.060101309921310131,0.0001,0.034532168661833174,0.032907168661833172,0.0016249999999999999,2012-05-31,1.5900000000000001,1.95,CRSP educational public copy: spindx
2012-06,2012-06-29,1362.1600000000001,0.039554921279372435,2363.79,0.041202510736702891,0,-0.00595830980307821,-0.0072833098030782098,0.001325,2012-06-29,1.6699999999999999,1.5900000000000001,CRSP educational public copy: spindx
2012-07,2012-07-31,1379.3199999999999,0.012597639043871345,2396.6201000000001,0.013888754923237823,0,0.016076199923330536,0.01468453325666387,0.0013916666666666667,2012-07-31,1.51,1.6699999999999999,CRSP educational public copy: spindx
2012-08,2012-08-31,1406.5799999999999,0.019763361656468303,2450.6001000000001,0.022523386163706194,0.0001,-0.0042317258868180829,-0.0054900592201514165,0.0012583333333333333,2012-08-31,1.5700000000000001,1.51,CRSP educational public copy: spindx
2012-09,2012-09-28,1440.6700000000001,0.024236090375236552,2513.9299000000001,0.02584256811219432,0.0001,-0.0059823093548047046,-0.0072906426881380378,0.0013083333333333334,2012-09-28,1.6499999999999999,1.5700000000000001,CRSP educational public copy: spindx
2012-10,2012-10-31,1412.1600000000001,-0.019789403541407791,2467.5100000000002,-0.018465073349897221,0.0001,-0.0049818953156942625,-0.0063568953156942628,0.0013750000000000001,2012-10-31,1.72,1.6499999999999999,CRSP educational public copy: spindx
2012-11,2012-11-30,1416.1800000000001,0.0028467029231815655,2481.8200999999999,0.0057994091209354615,0.0001,0.01056041036502875,0.0091270770316954162,0.0014333333333333333,2012-11-30,1.6200000000000001,1.72,CRSP educational public copy: spindx
2012-12,2012-12-31,1426.1900000000001,0.0070683105254980561,2504.4398999999999,0.0091141980838982395,0.0001,-0.013136330085779191,-0.014486330085779191,0.0013500000000000003,2012-12-31,1.78,1.6200000000000001,CRSP educational public copy: spindx
2013-01,2013-01-31,1498.1099999999999,0.050428063581991145,2634.1599000000001,0.051796012353900078,0,-0.019986641941083905,-0.021469975274417238,0.0014833333333333332,2013-01-31,2.02,1.78,CRSP educational public copy: spindx
2013-02,2013-02-28,1514.6800000000001,0.011060603026480154,2669.9198999999999,0.013575485679513832,0,0.013388749655936838,0.011705416322603504,0.0016833333333333333,2013-02-28,1.8899999999999999,2.02,CRSP educational public copy: spindx
2013-03,2013-03-28,1569.1900000000001,0.035987799403174314,2770.0500000000002,0.037503035203415802,0,0.0033776380375909465,0.0018026380375909465,0.001575,2013-03-28,1.8700000000000001,1.8899999999999999,CRSP educational public copy: spindx
2013-04,2013-04-30,1597.5699999999999,0.018085763992887971,2823.4198999999999,0.019266764137831238,0,0.017012034670692788,0.015453701337359455,0.0015583333333333334,2013-04-30,1.7,1.8700000000000001,CRSP educational public copy: spindx
2013-05,2013-05-31,1630.74,0.020762783477406455,2889.46,0.02339010927846763,0,-0.039447848054160239,-0.040864514720826903,0.0014166666666666668,2013-05-31,2.1600000000000001,1.7,CRSP educational public copy: spindx
2013-06,2013-06-28,1606.28,-0.01499932545960736,2850.6599000000001,-0.013428149204349538,0,-0.029614906292503851,-0.031414906292503854,0.0018000000000000002,2013-06-28,2.52,2.1600000000000001,CRSP educational public copy: spindx
2013-07,2013-07-31,1685.73,0.049462111213487203,2995.7199999999998,0.050886498245546363,0,-0.0048535697920281118,-0.0069535697920281112,0.0020999999999999999,2013-07-31,2.6000000000000001,2.52,CRSP educational public copy: spindx
2013-08,2013-08-30,1632.97,-0.031298013323604601,2908.96,-0.028961318147223247,0,-0.013340810158911753,-0.015507476825578421,0.002166666666666667,2013-08-30,2.7799999999999998,2.6000000000000001,CRSP educational public copy: spindx
2013-09,2013-09-30,1681.55,0.029749474883188354,3000.1799000000001,0.031358251746328669,0,0.01446143485823681,0.012144768191570144,0.0023166666666666665,2013-09-30,2.6400000000000001,2.7799999999999998,CRSP educational public copy: spindx
2013-10,2013-10-31,1756.54,0.044595759864410889,3138.0900999999999,0.045967310160300645,0,0.0082933878419801932,0.0060933878419801926,0.0022000000000000001,2013-10-31,2.5699999999999998,2.6400000000000001,CRSP educational public copy: spindx
2013-11,2013-11-29,1805.8099999999999,0.02804946087194149,3233.7199999999998,0.030473917877628764,0,-0.013388698281652789,-0.015530364948319456,0.0021416666666666663,2013-11-29,2.75,2.5699999999999998,CRSP educational public copy: spindx
2013-12,2013-12-31,1848.3599999999999,0.023562833299184183,3315.5900999999999,0.025317621810175384,0,-0.022376244391871469,-0.024667911058538137,0.0022916666666666667,2013-12-31,3.04,2.75,CRSP educational public copy: spindx
2014-01,2014-01-31,1782.5899999999999,-0.035582895107013734,3200.9499999999998,-0.034576077422839524,0,0.034582807860803033,0.032049474527469701,0.0025333333333333332,2014-01-31,2.6699999999999999,3.04,CRSP educational public copy: spindx
2014-02,2014-02-28,1859.45,0.043117037568930705,3347.3798999999999,0.045745762976616255,0,0.003091628856632278,0.00086662885663227806,0.002225,2014-02-28,2.6600000000000001,2.6699999999999999,CRSP educational public copy: spindx
2014-03,2014-03-31,1872.3399999999999,0.0069321573583585039,3375.5100000000002,0.0084036174083499393,0,-0.0038288640856415368,-0.0060455307523082039,0.0022166666666666667,2014-03-31,2.73,2.6600000000000001,CRSP educational public copy: spindx
2014-04,2014-04-30,1883.95,0.0062007968638175814,3400.46,0.0073914756584929631,0,0.0074722120855357232,0.0051972120855357231,0.0022750000000000001,2014-04-30,2.6699999999999999,2.73,CRSP educational public copy: spindx
2014-05,2014-05-30,1923.5699999999999,0.021030282120013677,3480.29,0.023476235568129056,0,0.018837908369826462,0.01661290836982646,0.002225,2014-05-30,2.48,2.6699999999999999,CRSP educational public copy: spindx
2014-06,2014-06-30,1960.23,0.019058313448431896,3552.1799000000001,0.020656295883389131,0,-0.0022943594220825592,-0.0043610260887492255,0.0020666666666666667,2014-06-30,2.5299999999999998,2.48,CRSP educational public copy: spindx
2014-07,2014-07-31,1930.6700000000001,-0.015079863077291922,3503.1898999999999,-0.013791531222841602,0,-0.0022419387874245134,-0.0043502721207578469,0.0021083333333333332,2014-07-31,2.5800000000000001,2.5299999999999998,CRSP educational public copy: spindx
2014-08,2014-08-29,2003.3699999999999,0.037655321727690261,3643.3301000000001,0.040003597863764284,0,0.022390255850771368,0.020240255850771369,0.00215,2014-08-29,2.3500000000000001,2.5800000000000001,CRSP educational public copy: spindx
2014-09,2014-09-30,1972.29,-0.015513859147336717,3592.25,-0.014020167977642273,0,-0.012876483527015647,-0.01483481686034898,0.0019583333333333332,2014-09-30,2.52,2.3500000000000001,CRSP educational public copy: spindx
2014-10,2014-10-31,2018.05,0.023201456175308888,3679.9899999999998,0.024424803396200012,0,0.017060189107091839,0.014960189107091839,0.0020999999999999999,2014-10-31,2.3500000000000001,2.52,CRSP educational public copy: spindx
2014-11,2014-11-28,2067.5599999999999,0.024533584400783015,3778.96,0.026894094820909986,0,0.01704540833120971,0.015087074997876378,0.0019583333333333332,2014-11-28,2.1800000000000002,2.3500000000000001,CRSP educational public copy: spindx
2014-12,2014-12-31,2058.9000000000001,-0.0041885120625277938,3769.4398999999999,-0.0025192380972542949,0,0.0027045835180574684,0.00088791685139080171,0.0018166666666666667,2014-12-31,2.1699999999999999,2.1800000000000002,CRSP educational public copy: spindx
2015-01,2015-01-30,1994.99,-0.031040847054252363,3656.2800000000002,-0.030020348646492501,0,0.046396172898035992,0.044587839564702657,0.0018083333333333335,2015-01-30,1.6799999999999999,2.1699999999999999,CRSP educational public copy: spindx
2015-02,2015-02-27,2104.5,0.054892505726845675,3866.4198999999999,0.057473689104773129,0,-0.027255244633219267,-0.028655244633219265,0.0014,2015-02-27,2,1.6799999999999999,CRSP educational public copy: spindx
2015-03,2015-03-31,2067.8899999999999,-0.017396056070325572,3805.27,-0.015815638648042363,0,0.0070556644219281761,0.0053889977552615091,0.0016666666666666668,2015-03-31,1.9399999999999999,2,CRSP educational public copy: spindx
2015-04,2015-04-30,2085.5100000000002,0.0085207627098153882,3841.7800000000002,0.0095945885574479917,0,-0.0082090122770414053,-0.0098256789437080726,0.0016166666666666666,2015-04-30,2.0499999999999998,1.9399999999999999,CRSP educational public copy: spindx
2015-05,2015-05-29,2107.3899999999999,0.010491438545008114,3891.1799000000001,0.012858596796276656,0,-0.0045225823063803627,-0.0062309156397136961,0.0017083333333333332,2015-05-29,2.1200000000000001,2.0499999999999998,CRSP educational public copy: spindx
2015-06,2015-06-30,2063.1100000000001,-0.0210117728564716,3815.8501000000001,-0.019359115213357203,0,-0.018473589184104577,-0.020240255850771244,0.0017666666666666666,2015-06-30,2.3500000000000001,2.1200000000000001,CRSP educational public copy: spindx
2015-07,2015-07-31,2103.8400000000001,0.019742039930008559,3895.8000000000002,0.020952054694182154,0,0.01525721684462944,0.013298883511296107,0.0019583333333333332,2015-07-31,2.2000000000000002,2.3500000000000001,CRSP educational public copy: spindx
2015-08,2015-08-31,1972.1800000000001,-0.06258080462392579,3660.75,-0.060334206068073382,0,0.0009471820140432019,-0.00088615131929013161,0.0018333333333333335,2015-08-31,2.21,2.2000000000000002,CRSP educational public copy: spindx
2015-09,2015-09-30,1920.03,-0.026442819620927094,3570.1698999999999,-0.024743590794236159,0,0.015233635441039395,0.013391968774372728,0.0018416666666666666,2015-09-30,2.0600000000000001,2.21,CRSP educational public copy: spindx
2015-10,2015-10-30,2079.3600000000001,0.082983078389400333,3871.3301000000001,0.084354584917653463,0,-0.0071669234900348933,-0.00888359015670156,0.0017166666666666667,2015-10-30,2.1600000000000001,2.0600000000000001,CRSP educational public copy: spindx
2015-11,2015-11-30,2080.4099999999999,0.00050496306555847248,3882.8400999999999,0.0029731383536628631,0,-0.0026307565964504009,-0.0044307565964504013,0.0018000000000000002,2015-11-30,2.21,2.1600000000000001,CRSP educational public copy: spindx
2015-12,2015-12-31,2043.9400000000001,-0.017530198374358763,3821.6001000000001,-0.015771960323578527,0.0001,-0.0034594075379482669,-0.0053010742046149337,0.0018416666666666666,2015-12-31,2.27,2.21,CRSP educational public copy: spindx
2016-01,2016-01-29,1940.24,-0.050735344481736222,3631.96,-0.049623219342076141,0.0001,0.031531154320605381,0.029639487653938715,0.0018916666666666667,2016-01-29,1.9399999999999999,2.27,CRSP educational public copy: spindx
2016-02,2016-02-29,1932.23,-0.0041283552550199776,3627.0601000000001,-0.0013491062676901366,0.00020000000000000001,0.01976098363873513,0.018144316972068465,0.0016166666666666666,2016-02-29,1.74,1.9399999999999999,CRSP educational public copy: spindx
2016-03,2016-03-31,2059.7399999999998,0.065991108718941094,3873.1100999999999,0.06783730989183212,0.00020000000000000001,-0.0021715825214447815,-0.0036215825214447814,0.0014499999999999999,2016-03-31,1.78,1.74,CRSP educational public copy: spindx
2016-04,2016-04-29,2065.3000000000002,0.00269936982337593,3888.1298999999999,0.0038779687672705343,0.0001,-0.003032304801847685,-0.0045156381351810181,0.0014833333333333332,2016-04-29,1.8300000000000001,1.78,CRSP educational public copy: spindx
2016-05,2016-05-31,2096.96,0.015329492083474561,3957.9499999999998,0.017957244689792873,0.0001,0.00062232500708025995,-0.00090267499291974015,0.0015250000000000001,2016-05-31,1.8400000000000001,1.8300000000000001,CRSP educational public copy: spindx
2016-06,2016-06-30,2098.8600000000001,0.00090607355409733081,3968.21,0.0025922510390481435,0.00020000000000000001,0.033688199316518785,0.032154865983185454,0.0015333333333333334,2016-06-30,1.49,1.8400000000000001,CRSP educational public copy: spindx
2016-07,2016-07-29,2173.5999999999999,0.035609807228685897,4114.5097999999998,0.036867958096975739,0.00020000000000000001,0.0040019775666984003,0.0027603109000317334,0.0012416666666666667,2016-07-29,1.46,1.49,CRSP educational public copy: spindx
2016-08,2016-08-31,2170.9499999999998,-0.0012191755612808164,4120.29,0.0014048332075913272,0.00020000000000000001,-0.0097579186917781113,-0.010974585358444778,0.0012166666666666667,2016-08-31,1.5800000000000001,1.46,CRSP educational public copy: spindx
2016-09,2016-09-30,2168.27,-0.0012344825997834263,4121.0600999999997,0.00018690431984147438,0.00020000000000000001,-0.00051058850391305644,-0.0018272551705797232,0.0013166666666666667,2016-09-30,1.6000000000000001,1.5800000000000001,FRED SP500 / S&P Dow Jones Indices
2016-10,2016-10-31,2126.1500000000001,-0.019425625037472249,4045.8899000000001,-0.018240500787649161,0.00020000000000000001,-0.020330866496741984,-0.021664199830075316,0.0013333333333333333,2016-10-31,1.8400000000000001,1.6000000000000001,FRED SP500 / S&P Dow Jones Indices
2016-11,2016-11-30,2198.8099999999999,0.034174446769983158,4195.7299999999996,0.037035140279027212,0.0001,-0.045061028317825436,-0.046594361651158767,0.0015333333333333334,2016-11-30,2.3700000000000001,1.8400000000000001,FRED SP500 / S&P Dow Jones Indices
2016-12,2016-12-30,2238.8299999999999,0.018200754044233047,4278.6602000000003,0.019765380517812403,0.00029999999999999997,-0.0050302982544545571,-0.0070052982544545573,0.0019750000000000002,2016-12-30,2.4500000000000002,2.3700000000000001,FRED SP500 / S&P Dow Jones Indices
2017-01,2017-01-31,2278.8699999999999,0.017884341374735824,4359.8100999999997,0.018966194137127079,0.00040000000000000002,0.0020416666666667194,5.2475385148298415e-17,0.0020416666666666669,2017-01-31,2.4500000000000002,2.4500000000000002,FRED SP500 / S&P Dow Jones Indices
2017-02,2017-02-28,2363.6399999999999,0.037198260541408734,4532.9301999999998,0.039708174445487909,0.00040000000000000002,0.0099578403850619779,0.0079161737183953106,0.0020416666666666669,2017-02-28,2.3599999999999999,2.4500000000000002,FRED SP500 / S&P Dow Jones Indices
2017-03,2017-03-31,2362.7199999999998,-0.00038923017041514463,4538.21,0.0011647653431769989,0.00029999999999999997,-0.0015446648049284306,-0.0035113314715950971,0.0019666666666666665,2017-03-31,2.3999999999999999,2.3599999999999999,FRED SP500 / S&P Dow Jones Indices
2017-04,2017-04-28,2384.1999999999998,0.0090912169025529899,4584.8198000000002,0.010270525163004862,0.00050000000000000001,0.011708987209069432,0.0097089872090694324,0.002,2017-04-28,2.29,2.3999999999999999,FRED SP500 / S&P Dow Jones Indices
2017-05,2017-05-31,2411.8000000000002,0.011576210049492719,4649.3397999999997,0.014072526907164207,0.00059999999999999995,0.0089975438876539471,0.007089210554320614,0.0019083333333333333,2017-05-31,2.21,2.29,FRED SP500 / S&P Dow Jones Indices
2017-06,2017-06-30,2423.4099999999999,0.0048138319927024664,4678.3599000000004,0.0062417679172428464,0.00059999999999999995,-0.0069759260608660556,-0.0088175927275327224,0.0018416666666666666,2017-06-30,2.3100000000000001,2.21,FRED SP500 / S&P Dow Jones Indices
2017-07,2017-07-31,2470.3000000000002,0.019348768883515444,4774.5600999999997,0.020562804499072218,0.0007000000000000001,0.0028071970821010872,0.00088219708210108736,0.0019249999999999998,2017-07-31,2.2999999999999998,2.3100000000000001,FRED SP500 / S&P Dow Jones Indices
2017-08,2017-08-31,2471.6500000000001,0.00054649232886694321,4789.1801999999998,0.0030620831435339557,0.00089999999999999998,0.017939021168787539,0.016022354502120872,0.0019166666666666666,2017-08-31,2.1200000000000001,2.2999999999999998,FRED SP500 / S&P Dow Jones Indices
2017-09,2017-09-29,2519.3600000000001,0.019302894827342154,4887.9701999999997,0.020627747521381634,0.00089999999999999998,-0.01673190953748438,-0.018498576204151046,0.0017666666666666666,2017-09-29,2.3300000000000001,2.1200000000000001,FRED SP500 / S&P Dow Jones Indices
2017-10,2017-10-31,2575.2600000000002,0.022188174774546043,5002.0298000000003,0.023334757646435778,0.00089999999999999998,-0.0024518495739638269,-0.0043935162406304939,0.0019416666666666668,2017-10-31,2.3799999999999999,2.3300000000000001,FRED SP500 / S&P Dow Jones Indices
2017-11,2017-11-30,2647.5799999999999,0.028082601368405458,5155.4399000000003,0.030669569381613915,0.00080000000000000004,-0.0015245215261173728,-0.0035078548594507058,0.001983333333333333,2017-11-30,2.4199999999999999,2.3799999999999999,FRED SP500 / S&P Dow Jones Indices
2017-12,2017-12-29,2673.6100000000001,0.0098316198188534987,5212.7597999999998,0.01111833347140756,0.00089999999999999998,0.0037723324024641069,0.0017556657357974403,0.0020166666666666666,2017-12-29,2.3999999999999999,2.4199999999999999,FRED SP500 / S&P Dow Jones Indices
2018-01,2018-01-31,2823.8099999999999,0.056178724645703726,5511.21,0.05725377946630128,0.0011000000000000001,-0.025650313494928745,-0.027650313494928747,0.002,2018-01-31,2.7200000000000002,2.3999999999999999,FRED SP500 / S&P Dow Jones Indices
2018-02,2018-02-28,2713.8299999999999,-0.038947379604151844,5308.0897999999997,-0.036855826578918283,0.0011000000000000001,-0.010599250727276743,-0.01286591739394341,0.0022666666666666668,2018-02-28,2.8700000000000001,2.7200000000000002,FRED SP500 / S&P Dow Jones Indices
2018-03,2018-03-29,2640.8699999999999,-0.026884513768364315,5173.1899000000003,-0.025414019936135901,0.0011999999999999999,0.013613559197891867,0.0112218925312252,0.0023916666666666665,2018-03-29,2.7400000000000002,2.8700000000000001,FRED SP500 / S&P Dow Jones Indices
2018-04,2018-04-30,2648.0500000000002,0.002718801001185378,5193.04,0.00383711025183886,0.0014000000000000002,-0.01565846399883386,-0.017941797332167192,0.0022833333333333334,2018-04-30,2.9500000000000002,2.7400000000000002,FRED SP500 / S&P Dow Jones Indices
2018-05,2018-05-31,2705.27,0.021608353316591389,5318.1000999999997,0.024082252399365345,0.0014000000000000002,0.012771291262285045,0.010312957928951712,0.0024583333333333336,2018-05-31,2.8300000000000001,2.9500000000000002,FRED SP500 / S&P Dow Jones Indices
2018-06,2018-06-29,2718.3699999999999,0.0048424002040461378,5350.8301000000001,0.0061544535425348545,0.0014000000000000002,0.00064119352828373444,-0.0017171398050495989,0.0023583333333333334,2018-06-29,2.8500000000000001,2.8300000000000001,FRED SP500 / S&P Dow Jones Indices
2018-07,2018-07-31,2816.29,0.036021586465418753,5549.96,0.037214767854430564,0.0016000000000000001,-0.0070184836290654307,-0.009393483629065431,0.0023749999999999999,2018-07-31,2.96,2.8500000000000001,FRED SP500 / S&P Dow Jones Indices
2018-08,2018-08-31,2901.52,0.030263218631604083,5730.7997999999998,0.032583982587261806,0.0016000000000000001,0.011048153834385843,0.0085814871677191758,0.0024666666666666669,2018-08-31,2.8599999999999999,2.96,FRED SP500 / S&P Dow Jones Indices
2018-09,2018-09-28,2913.98,0.0042943009181395375,5763.4198999999999,0.0056920676237897094,0.0015,-0.013770504757727786,-0.016153838091061121,0.0023833333333333332,2018-09-28,3.0499999999999998,2.8599999999999999,FRED SP500 / S&P Dow Jones Indices
2018-10,2018-10-31,2711.7399999999998,-0.069403358979814644,5369.4902000000002,-0.068349991295966417,0.0019,-0.005918951029967201,-0.008460617696633867,0.0025416666666666665,2018-10-31,3.1499999999999999,3.0499999999999998,FRED SP500 / S&P Dow Jones Indices
2018-11,2018-11-30,2760.1700000000001,0.01785938179914015,5478.9102000000003,0.020378098464543193,0.0018,0.01455112711580675,0.01192612711580675,0.0026250000000000002,2018-11-30,3.0099999999999998,3.1499999999999999,FRED SP500 / S&P Dow Jones Indices
2018-12,2018-12-31,2506.8499999999999,-0.091776955767217339,4984.2201999999997,-0.090289853628190642,0.0019,0.030199508665212704,0.02769117533187937,0.0025083333333333333,2018-12-31,2.6899999999999999,3.0099999999999998,FRED SP500 / S&P Dow Jones Indices
2019-01,2019-01-31,2704.0999999999999,0.078684404731036883,5383.6298999999999,0.080134842357085345,0.0020999999999999999,0.0074491337826820825,0.0052074671160154164,0.0022416666666666665,2019-01-31,2.6299999999999999,2.6899999999999999,FRED SP500 / S&P Dow Jones Indices
2019-02,2019-02-28,2784.4899999999998,0.029728930143116061,5556.4902000000002,0.032108503595315918,0.0018,-0.0064448058366307626,-0.008636472503297429,0.0021916666666666668,2019-02-28,2.73,2.6299999999999999,FRED SP500 / S&P Dow Jones Indices
2019-03,2019-03-29,2834.4000000000001,0.017924287751078349,5664.46,0.019431294956661738,0.0019,0.030351740419522377,0.028076740419522378,0.0022750000000000001,2019-03-29,2.4100000000000001,2.73,FRED SP500 / S&P Dow Jones Indices
2019-04,2019-04-30,2945.8299999999999,0.039313434942139347,5893.8100999999997,0.04048931407406875,0.0020999999999999999,-0.0067223432445830955,-0.0087306765779164297,0.0020083333333333333,2019-04-30,2.5099999999999998,2.4100000000000001,FRED SP500 / S&P Dow Jones Indices
2019-05,2019-05-31,2752.0599999999999,-0.065777726481161536,5519.2700000000004,-0.063548043395561638,0.0020999999999999999,0.034993705158723687,0.032902038492057022,0.0020916666666666666,2019-05-31,2.1400000000000001,2.5099999999999998,FRED SP500 / S&P Dow Jones Indices
2019-06,2019-06-28,2941.7600000000002,0.068930183208214979,5908.25,0.070476711594105623,0.0018,0.014320002860366721,0.012536669527033388,0.0017833333333333336,2019-06-28,2,2.1400000000000001,FRED SP500 / S&P Dow Jones Indices
2019-07,2019-07-31,2980.3800000000001,0.013128195366039375,5993.1698999999999,0.014373105403461262,0.0019,-0.0001224979395347825,-0.0017891646062014493,0.0016666666666666668,2019-07-31,2.02,2,FRED SP500 / S&P Dow Jones Indices
2019-08,2019-08-30,2926.46,-0.018091652742267761,5898.2299999999996,-0.015841349667060189,0.0016000000000000001,0.049432163145391339,0.047748829812058004,0.0016833333333333333,2019-08-30,1.5,2.02,FRED SP500 / S&P Dow Jones Indices
2019-09,2019-09-30,2976.7399999999998,0.017181167690656807,6008.5897999999997,0.018710664046671655,0.0018,-0.015129206370707027,-0.016379206370707028,0.00125,2019-09-30,1.6799999999999999,1.5,FRED SP500 / S&P Dow Jones Indices
2019-10,2019-10-31,3037.5599999999999,0.020431747482144935,6138.7299999999996,0.0216590255503879,0.0015,0.00049050158050678583,-0.00090949841949321416,0.0014,2019-10-31,1.6899999999999999,1.6799999999999999,FRED SP500 / S&P Dow Jones Indices
2019-11,2019-11-29,3140.98,0.03404706409091518,6361.5600999999997,0.0362990553420659,0.0011999999999999999,-0.0067402273399174151,-0.0081485606732507477,0.0014083333333333333,2019-11-29,1.78,1.6899999999999999,FRED SP500 / S&P Dow Jones Indices
2019-12,2019-12-31,3230.7800000000002,0.028589803182446305,6553.5698000000002,0.03018280059949463,0.0014000000000000002,-0.011103583290773766,-0.012586916624107099,0.0014833333333333332,2019-12-31,1.9199999999999999,1.78,FRED SP500 / S&P Dow Jones Indices
2020-01,2020-01-31,3225.52,-0.0016280898111292741,6551,-0.00039212216828765634,0.0012999999999999999,0.03922911647020122,0.037629116470201222,0.0015999999999999999,2020-01-31,1.51,1.9199999999999999,FRED SP500 / S&P Dow Jones Indices
2020-02,2020-02-28,2954.2199999999998,-0.084110469009648137,6011.7299999999996,-0.082318729964890869,0.0011999999999999999,0.036812177211882791,0.035553843878549457,0.0012583333333333333,2020-02-28,1.1299999999999999,1.51,FRED SP500 / S&P Dow Jones Indices
2020-03,2020-03-31,2584.5900000000001,-0.12511932083595656,5269.2002000000002,-0.12351349777850962,0.0011999999999999999,0.042067511306987049,0.041125844640320382,0.00094166666666666661,2020-03-31,0.69999999999999996,1.1299999999999999,FRED SP500 / S&P Dow Jones Indices
2020-04,2020-04-30,2912.4299999999998,0.12684410293315374,5944.6801999999998,0.12819402838404192,0,0.006339535860030665,0.0057562025266973318,0.00058333333333333327,2020-04-30,0.64000000000000001,0.69999999999999996,FRED SP500 / S&P Dow Jones Indices
2020-05,2020-05-29,3044.3099999999999,0.04528177501261843,6227.8100999999997,0.047627440076591476,0.0001,-0.00042554085041890399,-0.00095887418375223735,0.00053333333333333336,2020-05-29,0.65000000000000002,0.64000000000000001,FRED SP500 / S&P Dow Jones Indices
2020-06,2020-06-30,3100.29,0.018388403283502663,6351.6698999999999,0.019888178671343848,0.0001,-0.00041671496866035884,-0.00095838163532702559,0.00054166666666666675,2020-06-30,0.66000000000000003,0.65000000000000002,FRED SP500 / S&P Dow Jones Indices
2020-07,2020-07-31,3271.1199999999999,0.055101296975444303,6709.8100999999997,0.056385203519471183,0.0001,0.011152012039764791,0.010602012039764791,0.00055000000000000003,2020-07-31,0.55000000000000004,0.66000000000000003,FRED SP500 / S&P Dow Jones Indices
2020-08,2020-08-31,3500.3099999999999,0.070064687324219221,7192.1099000000004,0.071879798803843986,0.0001,-0.015784041191395426,-0.016242374524728761,0.00045833333333333338,2020-08-31,0.71999999999999997,0.55000000000000004,FRED SP500 / S&P Dow Jones Indices
2020-09,2020-09-30,3363,-0.039227954095494399,6918.8301000000001,-0.037997166867541954,0.0001,0.0034707183619815396,0.0028707183619815398,0.00059999999999999995,2020-09-30,0.68999999999999995,0.71999999999999997,FRED SP500 / S&P Dow Jones Indices
2020-10,2020-10-30,3269.96,-0.027665774606006499,6734.8397999999997,-0.026592689420137705,0.0001,-0.017430063652020045,-0.018005063652020044,0.00057499999999999999,2020-10-30,0.88,0.68999999999999995,FRED SP500 / S&P Dow Jones Indices
2020-11,2020-11-30,3621.6300000000001,0.10754565805086314,7472.0600999999997,0.10946367276620306,0.0001,0.0045316382485707241,0.0037983049152373908,0.00073333333333333334,2020-11-30,0.83999999999999997,0.88,FRED SP500 / S&P Dow Jones Indices
2020-12,2020-12-31,3756.0700000000002,0.03712140665943231,7759.3500999999997,0.038448566547263141,0.0001,-0.0078069453354662199,-0.0085069453354662192,0.00069999999999999999,2020-12-31,0.93000000000000005,0.83999999999999997,FRED SP500 / S&P Dow Jones Indices
2021-01,2021-01-29,3714.2399999999998,-0.011136640158463607,7681.0097999999998,-0.010096245045058572,0,-0.016083442782797164,-0.016858442782797165,0.00077500000000000008,2021-01-29,1.1100000000000001,0.93000000000000005,FRED SP500 / S&P Dow Jones Indices
2021-02,2021-02-26,3811.1500000000001,0.026091474971999817,7892.8100999999997,0.027574538441547114,0,-0.029469124554093451,-0.03039412455409345,0.00092500000000000004,2021-02-26,1.4399999999999999,1.1100000000000001,FRED SP500 / S&P Dow Jones Indices
2021-03,2021-03-31,3972.8899999999999,0.042438634008107767,8238.4804999999997,0.043795605826117523,0,-0.026016475458102817,-0.027216475458102816,0.0011999999999999999,2021-03-31,1.74,1.4399999999999999,FRED SP500 / S&P Dow Jones Indices
2021-04,2021-04-30,4181.1700000000001,0.05242531255584737,8678.1602000000003,0.053369028427026066,0,0.0096519730241553248,0.0082019730241553249,0.0014499999999999999,2021-04-30,1.6499999999999999,1.74,FRED SP500 / S&P Dow Jones Indices
2021-05,2021-05-28,4204.1099999999997,0.0054865025818131574,8738.7695000000003,0.0069841185923256166,0,0.0077768414590928536,0.0064018414590928533,0.0013750000000000001,2021-05-28,1.5800000000000001,1.6499999999999999,FRED SP500 / S&P Dow Jones Indices
2021-06,2021-06-30,4297.5,0.02221397632316946,8942.7803000000004,0.023345483594686911,0,0.013284059626573974,0.011967392959907307,0.0013166666666666667,2021-06-30,1.45,1.5800000000000001,FRED SP500 / S&P Dow Jones Indices
2021-07,2021-07-30,4395.2600000000002,0.02274810936591054,9155.2099999999991,0.023754323920939679,0,0.020746986522765631,0.019538653189432299,0.0012083333333333332,2021-07-30,1.24,1.45,FRED SP500 / S&P Dow Jones Indices
2021-08,2021-08-31,4522.6800000000003,0.028990321391681118,9433.5800999999992,0.030405648805434282,0,-0.0045321740283620349,-0.005565507361695368,0.0010333333333333334,2021-08-31,1.3,1.24,FRED SP500 / S&P Dow Jones Indices
2021-09,2021-09-30,4307.54,-0.047569140421166334,8994.8300999999992,-0.04650938406724292,0,-0.019097712398612687,-0.020181045731946019,0.0010833333333333335,2021-09-30,1.52,1.3,FRED SP500 / S&P Dow Jones Indices
2021-10,2021-10-29,4605.3800000000001,0.069143873301234615,9625.0195000000003,0.070061289984788111,0,-0.0014811324456842634,-0.0027477991123509302,0.0012666666666666666,2021-10-29,1.55,1.52,FRED SP500 / S&P Dow Jones Indices
2021-11,2021-11-30,4567,-0.0083337314184714906,9558.3300999999992,-0.0069287547936917049,0,0.012349664244394098,0.011057997577727432,0.0012916666666666667,2021-11-30,1.4299999999999999,1.55,FRED SP500 / S&P Dow Jones Indices
2021-12,2021-12-31,4766.1800000000003,0.043612874972629889,9986.7001999999993,0.044816416206425069,0.0001,-0.0070642156782203536,-0.0082558823448870208,0.0011916666666666666,2021-12-31,1.52,1.4299999999999999,FRED SP500 / S&P Dow Jones Indices
2022-01,2022-01-31,4515.5500000000002,-0.052585089106999772,9469.9199000000008,-0.051746852278593325,0,-0.023166750712848794,-0.02443341737951546,0.0012666666666666666,2022-01-31,1.79,1.52,FRED SP500 / S&P Dow Jones Indices
2022-02,2022-02-28,4373.9399999999996,-0.031360520866782648,9186.3701000000001,-0.029942153998578247,0,-0.0021208438414781483,-0.0036125105081448146,0.0014916666666666665,2022-02-28,1.8300000000000001,1.79,FRED SP500 / S&P Dow Jones Indices
2022-03,2022-03-31,4530.4099999999999,0.035773238773280092,9527.4599999999991,0.03712999762550373,0,-0.041659766853603619,-0.043184766853603618,0.0015250000000000001,2022-03-31,2.3199999999999998,1.8300000000000001,FRED SP500 / S&P Dow Jones Indices
2022-04,2022-04-29,4131.9300000000003,-0.087956719149039353,8696.6504000000004,-0.087201583632993351,0,-0.046909221676311397,-0.048842555009644732,0.0019333333333333331,2022-04-29,2.8900000000000001,2.3199999999999998,FRED SP500 / S&P Dow Jones Indices
2022-05,2022-05-31,4132.1499999999996,5.3243883608722342e-05,8712.5995999999996,0.0018339474701660752,0.00029999999999999997,0.005842612943432357,0.0034342796100990235,0.0024083333333333335,2022-05-31,2.8500000000000001,2.8900000000000001,FRED SP500 / S&P Dow Jones Indices
2022-06,2022-06-30,3785.3800000000001,-0.083919993223866451,7993.4301999999998,-0.082543607306365785,0.00059999999999999995,-0.0087155268064156299,-0.01109052680641563,0.0023749999999999999,2022-06-30,2.98,2.8500000000000001,FRED SP500 / S&P Dow Jones Indices
2022-07,2022-07-29,4130.29,0.091116347632205885,8730.4599999999991,0.092204445595834406,0.00080000000000000004,0.029335595775267231,0.026852262441933897,0.0024833333333333335,2022-07-29,2.6699999999999999,2.98,FRED SP500 / S&P Dow Jones Indices
2022-08,2022-08-31,3955,-0.042440119216810457,8374.4199000000008,-0.040781367762981358,0.0019,-0.038385964943842499,-0.040610964943842497,0.002225,2022-08-31,3.1499999999999999,2.6699999999999999,FRED SP500 / S&P Dow Jones Indices
2022-09,2022-09-30,3585.6199999999999,-0.093395701643489315,7603.1400999999996,-0.092099489780778865,0.0019,-0.053043909373740039,-0.055668909373740041,0.0026250000000000002,2022-09-30,3.8300000000000001,3.1499999999999999,FRED SP500 / S&P Dow Jones Indices
2022-10,2022-10-31,3871.98,0.079863454576893256,8218.7001999999993,0.080961299134814091,0.0023,-0.018627948965229901,-0.021819615631896567,0.0031916666666666669,2022-10-31,4.0999999999999996,3.8300000000000001,FRED SP500 / S&P Dow Jones Indices
2022-11,2022-11-30,4080.1100000000001,0.053752860293699856,8678,0.055884724934972096,0.0028999999999999998,0.038049616238940764,0.034632949572274099,0.0034166666666666664,2022-11-30,3.6800000000000002,4.0999999999999996,FRED SP500 / S&P Dow Jones Indices
2022-12,2022-12-30,3839.5,-0.058971449299161094,8178.0200000000004,-0.057614657755243104,0.0033,-0.013267257796374388,-0.016333924463041053,0.0030666666666666668,2022-12-30,3.8799999999999999,3.6800000000000002,FRED SP500 / S&P Dow Jones Indices
2023-01,2023-01-31,4076.5999999999999,0.061752832400052027,8691.8798999999999,0.062834267952389444,0.0034999999999999996,0.033149032502460596,0.029915699169127261,0.0032333333333333333,2023-01-31,3.52,3.8799999999999999,FRED SP500 / S&P Dow Jones Indices
2023-02,2023-02-28,3970.1500000000001,-0.026112446646715304,8479.7998000000007,-0.024399796412281183,0.0034000000000000002,-0.029671856315578227,-0.032605189648911563,0.0029333333333333334,2023-02-28,3.9199999999999999,3.52,FRED SP500 / S&P Dow Jones Indices
2023-03,2023-03-31,4109.3100000000004,0.035051572358727023,8791.1298999999999,0.03671432195840274,0.0035999999999999999,0.039901162963553505,0.036634496296886837,0.0032666666666666664,2023-03-31,3.48,3.9199999999999999,FRED SP500 / S&P Dow Jones Indices
2023-04,2023-04-28,4169.4799999999996,0.01464236088297044,8928.3495999999996,0.015608880947146409,0.0034999999999999996,0.0062368688819522955,0.0033368688819522957,0.0028999999999999998,2023-04-28,3.4399999999999999,3.48,FRED SP500 / S&P Dow Jones Indices
2023-05,2023-05-31,4179.8299999999999,0.0024823239348792381,8967.1602000000003,0.0043468951977418957,0.0035999999999999999,-0.013657068980120091,-0.016523735646786757,0.0028666666666666667,2023-05-31,3.6400000000000001,3.4399999999999999,FRED SP500 / S&P Dow Jones Indices
2023-06,2023-06-30,4450.3800000000001,0.064727512841431301,9559.6699000000008,0.066075511843760815,0.0040000000000000001,-0.010897283023889814,-0.013930616357223148,0.0030333333333333336,2023-06-30,3.8100000000000001,3.6400000000000001,FRED SP500 / S&P Dow Jones Indices
2023-07,2023-07-31,4588.96,0.031138913980379268,9866.7695000000003,0.032124498357417153,0.0045000000000000005,-0.009835843548413159,-0.01301084354841316,0.0031750000000000003,2023-07-31,3.9700000000000002,3.8100000000000001,FRED SP500 / S&P Dow Jones Indices
2023-08,2023-08-31,4507.6599999999999,-0.01771643248143373,9709.6797000000006,-0.015921097579101207,0.0045000000000000005,-0.0063939101800312148,-0.0097022435133645481,0.0033083333333333333,2023-08-31,4.0899999999999999,3.9700000000000002,FRED SP500 / S&P Dow Jones Indices
2023-09,2023-09-29,4288.0500000000002,-0.04871929116215501,9246.7402000000002,-0.047678143286230212,0.0043,-0.036067837816433634,-0.039476171149766967,0.0034083333333333331,2023-09-29,4.5899999999999999,4.0899999999999999,FRED SP500 / S&P Dow Jones Indices
2023-10,2023-10-31,4193.8000000000002,-0.021979687736850106,9052.3096000000005,-0.021026934443340362,0.0046999999999999993,-0.018760204208943421,-0.022585204208943419,0.0038249999999999998,2023-10-31,4.8799999999999999,4.5899999999999999,FRED SP500 / S&P Dow Jones Indices
2023-11,2023-11-30,4567.8000000000002,0.089179264628737709,9879.0195000000003,0.091325853459541362,0.0044000000000000003,0.04475455050618371,0.040687883839517047,0.0040666666666666663,2023-11-30,4.3700000000000001,4.8799999999999999,FRED SP500 / S&P Dow Jones Indices
2023-12,2023-12-29,4769.8299999999999,0.044229169403213753,10327.830099999999,0.045430682670481559,0.0043,0.043659781601117276,0.040018114934450608,0.0036416666666666667,2023-12-29,3.8799999999999999,4.3700000000000001,FRED SP500 / S&P Dow Jones Indices
2024-01,2024-01-31,4845.6499999999996,0.015895744712075555,10501.3799,0.016804091306653168,0.0046999999999999993,-0.0057030534750995843,-0.0089363868084329171,0.0032333333333333333,2024-01-31,3.9900000000000002,3.8799999999999999,FRED SP500 / S&P Dow Jones Indices
2024-02,2024-02-29,5096.2700000000004,0.051720615397315317,11062.1104,0.053395887525219399,0.0041999999999999997,-0.017536621474928182,-0.020861621474928184,0.0033250000000000003,2024-02-29,4.25,3.9900000000000002,FRED SP500 / S&P Dow Jones Indices
2024-03,2024-03-28,5254.3500000000004,0.031018764704381807,11418.0303,0.032174683413031202,0.0043,0.0075630902972236846,0.0040214236305570177,0.0035416666666666669,2024-03-28,4.2000000000000002,4.25,FRED SP500 / S&P Dow Jones Indices
2024-04,2024-04-30,5035.6899999999996,-0.041615042774082567,10951.6602,-0.040845057137394392,0.0046999999999999993,-0.035004282441321255,-0.038504282441321258,0.0035000000000000001,2024-04-30,4.6900000000000004,4.2000000000000002,FRED SP500 / S&P Dow Jones Indices
2024-05,2024-05-31,5277.5100000000002,0.048021224499522619,11494.700199999999,0.049585176136125897,0.0044000000000000003,0.018173679544006172,0.014265346210672838,0.003908333333333334,2024-05-31,4.5099999999999998,4.6900000000000004,FRED SP500 / S&P Dow Jones Indices
2024-06,2024-06-28,5460.4799999999996,0.034669759034089864,11907.1504,0.035881770974766303,0.0040999999999999995,0.015731046931362958,0.011972713598029623,0.0037583333333333336,2024-06-28,4.3600000000000003,4.5099999999999998,FRED SP500 / S&P Dow Jones Indices
2024-07,2024-07-31,5522.3000000000002,0.011321349038912354,12052.0898,0.012172467394045761,0.0045000000000000005,0.025463381238403748,0.021830047905070416,0.0036333333333333335,2024-07-31,4.0899999999999999,4.3600000000000003,FRED SP500 / S&P Dow Jones Indices
2024-08,2024-08-30,5648.3999999999996,0.022834688445031892,12344.429700000001,0.024256365895979348,0.0047999999999999996,0.018087710532435741,0.014679377199102409,0.0034083333333333331,2024-08-30,3.9100000000000001,4.0899999999999999,FRED SP500 / S&P Dow Jones Indices
2024-09,2024-09-30,5762.4799999999996,0.020196869910062976,12608.070299999999,0.021357049811705719,0.0040000000000000001,0.011452813543464613,0.0081944802101312792,0.0032583333333333336,2024-09-30,3.8100000000000001,3.9100000000000001,FRED SP500 / S&P Dow Jones Indices
2024-10,2024-10-31,5705.4499999999998,-0.0098967805528175079,12493.7402,-0.0090680094002965062,0.0039000000000000003,-0.03448254750788915,-0.037657547507889147,0.0031750000000000003,2024-10-31,4.2800000000000002,3.8100000000000001,FRED SP500 / S&P Dow Jones Indices
2024-11,2024-11-29,6032.3800000000001,0.057301352215863854,13227.1299,0.058700572307402332,0.0040000000000000001,0.011617191088970635,0.0080505244223039677,0.0035666666666666672,2024-11-29,4.1799999999999997,4.2800000000000002,FRED SP500 / S&P Dow Jones Indices
2024-12,2024-12-31,5881.6300000000001,-0.024990136563014964,12911.820299999999,-0.023838096577550094,0.0037000000000000002,-0.028112546719844533,-0.031595880053177865,0.0034833333333333331,2024-12-31,4.5800000000000001,4.1799999999999997,FRED SP500 / S&P Dow Jones Indices
2025-01,2025-01-31,6040.5299999999997,0.027016320305765618,13271.3799,0.027847320644634577,0.0037000000000000002,0.0038166666666668014,1.3487475025719675e-16,0.0038166666666666666,2025-01-31,4.5800000000000001,4.5800000000000001,FRED SP500 / S&P Dow Jones Indices
2025-02,2025-02-28,5954.5,-0.014242127760312417,13098.2197,-0.013047640961585283,0.0033,0.031110250421156671,0.027293583754490005,0.0038166666666666666,2025-02-28,4.2400000000000002,4.5800000000000001,FRED SP500 / S&P Dow Jones Indices
2025-03,2025-03-31,5611.8500000000004,-0.057544714081786852,12360.209999999999,-0.05634427555066901,0.0034000000000000002,0.0043364684667421827,0.00080313513340884947,0.0035333333333333332,2025-03-31,4.2300000000000004,4.2400000000000002,FRED SP500 / S&P Dow Jones Indices
2025-04,2025-04-30,5569.0600000000004,-0.0076249365182604611,12276.3896,-0.0067814705413580256,0.0034999999999999996,0.0083576201834207886,0.0048326201834207883,0.0035250000000000004,2025-04-30,4.1699999999999999,4.2300000000000004,FRED SP500 / S&P Dow Jones Indices
2025-05,2025-05-30,5911.6899999999996,0.061523847830692979,13049.1299,0.062945240838560457,0.0038,-0.015635892736379775,-0.019110892736379774,0.0034750000000000002,2025-05-30,4.4100000000000001,4.1699999999999999,FRED SP500 / S&P Dow Jones Indices
2025-06,2025-06-30,6204.9499999999998,0.04960679602617879,13712.709999999999,0.050852440360793727,0.0034000000000000002,0.01732179187724503,0.01364679187724503,0.0036749999999999999,2025-06-30,4.2400000000000002,4.4100000000000001,FRED SP500 / S&P Dow Jones Indices
2025-07,2025-07-31,6339.3900000000003,0.021666572655702376,14020.459999999999,0.02244268273740202,0.0034000000000000002,-0.0068380880375239483,-0.010371421370857281,0.0035333333333333332,2025-07-31,4.3700000000000001,4.2400000000000002,FRED SP500 / S&P Dow Jones Indices
2025-08,2025-08-29,6460.2600000000002,0.019066503244002941,14304.679700000001,0.020271781382351417,0.0038,0.014885558534390109,0.011243891867723442,0.0036416666666666667,2025-08-29,4.2300000000000004,4.3700000000000001,FRED SP500 / S&P Dow Jones Indices
2025-09,2025-09-30,6688.46,0.035323655704259549,14826.799800000001,0.036499950432305139,0.0033,0.0091657485201517286,0.0056407485201517282,0.0035250000000000004,2025-09-30,4.1600000000000001,4.2300000000000004,FRED SP500 / S&P Dow Jones Indices
2025-10,2025-10-31,6840.1999999999998,0.022686836730727133,15173.950199999999,0.023413710624190065,0.0037000000000000002,0.0075054056579415551,0.0040387389912748886,0.0034666666666666665,2025-10-31,4.1100000000000003,4.1600000000000001,FRED SP500 / S&P Dow Jones Indices
2025-11,2025-11-28,6849.0900000000001,0.001299669600304032,15211.1396,0.00245087136242228,0.0030000000000000001,0.010726091917246272,0.0073010919172462711,0.0034250000000000005,2025-11-28,4.0199999999999996,4.1100000000000003,FRED SP500 / S&P Dow Jones Indices
2025-12,2025-12-31,6845.5,-0.00052415722380638741,15220.450199999999,0.0006120908915989709,0.0034000000000000002,-0.0095308390756863037,-0.012880839075686303,0.0033499999999999992,2025-12-31,4.1799999999999997,4.0199999999999996,FRED SP500 / S&P Dow Jones Indices
