month,NDX,SPX,XNDX,SPXTR,ndx_pr,spx_pr,ndx_tr,spx_tr,bond_tr,bond_pr,coupon,RF,dgs10_pct,RF_status,ndx_div_default,ndx_div_low,ndx_div_high,ndx_tr_ext,ndx_tr_status,spx_tr_con,spx_tr_ext,spx_tr_status
1985-01,125.0,179.63,,,,,,,0.03206706624838663,0.022442066248386627,0.009625,0.006500000000000001,11.17,observed,,,,,,,,
1985-02,123.52,181.19,,,-0.011840000000000073,0.008684518176251155,,,-0.03309656941624875,-0.042404902749582085,0.009308333333333333,0.0058,11.91,observed,0.000291038,0.0002182785,0.0003637975,-0.011548962000000072,estimated,0.013955617388976771,0.013955617388976771,constructed
1985-03,117.36,180.66,,,-0.04987046632124348,-0.002925106242066322,,,0.0249818726078133,0.015056872607813299,0.009925,0.0062,11.65,observed,0.0002945252,0.0002208939,0.0003681565,-0.04957594112124348,estimated,0.0004290776948918662,0.0004290776948918662,constructed
1985-04,115.38,179.83,,,-0.016871165644171793,-0.004594265471050463,,,0.02374359583342746,0.014035262500094126,0.009708333333333334,0.0072,11.41,observed,0.0003099842,0.0002324882,0.0003874803,-0.016561181444171794,estimated,-0.002899464837016419,-0.002899464837016419,constructed
1985-05,119.64,189.55,,,0.03692147685907443,0.0540510482122003,,,0.07875304820661555,0.06924471487328221,0.009508333333333334,0.0066,10.28,observed,0.0003153038,0.0002364778,0.0003941297,0.03723678065907443,estimated,0.06011246015499738,0.06011246015499738,constructed
1985-06,122.14,191.85,,,0.020896021397526,0.012134001582695841,,,0.010407333243033277,0.001840666576366612,0.008566666666666665,0.0055000000000000005,10.25,observed,0.0003040768,0.0002280576,0.000380096,0.021200098197526,estimated,0.015290843953447375,0.015290843953447375,constructed
1985-07,123.27,190.92,,,0.00925167840183394,-0.004847537138389368,,,-0.010831534785670786,-0.019373201452337452,0.008541666666666666,0.0062,10.57,observed,0.0002978529,0.0002233897,0.0003723161,0.00954953130183394,estimated,-0.002953624998004889,-0.002953624998004889,constructed
1985-08,118.3,188.63,,,-0.04031800113571837,-0.011994552692227045,,,0.02657910086718454,0.017770767533851206,0.008808333333333333,0.0055000000000000005,10.28,observed,0.0002951225,0.0002213419,0.0003689031,-0.04002287863571837,estimated,-0.006617228402479136,-0.006617228402479136,constructed
1985-09,110.62,182.08,,,-0.06491969568892642,-0.03472406298043784,,,0.00673061832380034,-0.0018360483428663255,0.008566666666666665,0.006,10.31,observed,0.0003075211,0.0002306408,0.0003844014,-0.06461217458892642,estimated,-0.03181879629997231,-0.03181879629997231,constructed
1985-10,115.48,189.82,,,0.0439341891158922,0.04250878734622132,,,0.027184832062548184,0.018593165395881517,0.008591666666666668,0.006500000000000001,10.01,observed,0.0003288714,0.0002466535,0.0004110892,0.0442630605158922,estimated,0.04496587612555736,0.04496587612555736,constructed
1985-11,126.06,202.17,,,0.09161759612054032,0.06506163734063852,,,0.03483874364660819,0.026497076979941525,0.008341666666666666,0.0060999999999999995,9.59,observed,0.0003150307,0.0002362731,0.0003937884,0.09193262682054032,estimated,0.0704653656529921,0.0704653656529921,constructed
1985-12,132.29,211.28,,,0.04942091067745502,0.04506108720383839,,,0.046164933735287676,0.03817326706862101,0.007991666666666666,0.006500000000000001,9.0,observed,0.0002885908,0.0002164431,0.0003607384,0.04970950147745502,estimated,0.04812839955665971,0.04812839955665971,constructed
1986-01,132.93,211.78,,,0.004837856224960468,0.002366527830367282,,,0.002341740173332711,-0.0051582598266672886,0.0075,0.005600000000000001,9.08,observed,0.0002939583,0.0002204688,0.0003674479,0.0051318145249604685,estimated,0.004017334398314754,0.004017334398314754,constructed
1986-02,140.43,226.92,,,0.056420672534416516,0.07148928132968169,,,0.07139982755907232,0.06383316089240565,0.007566666666666667,0.0053,8.13,observed,0.0002925431,0.0002194073,0.0003656788,0.05671321563441652,estimated,0.0763227152214716,0.0763227152214716,constructed
1986-03,148.86,238.9,,,0.06002990813928655,0.05279393618896533,,,0.05815104010675978,0.05137604010675978,0.006775000000000001,0.006,7.39,observed,0.0002769191,0.0002076893,0.0003461489,0.06030682723928655,estimated,0.05521828977671417,0.05521828977671417,constructed
1986-04,154.91,235.52,,,0.04064221416095659,-0.014148179154457874,,,0.006852913586291876,0.0006945802529585432,0.0061583333333333325,0.0052,7.38,observed,0.0002612371,0.0001959278,0.0003265463,0.04090345126095659,estimated,-0.0125638597562161,-0.0125638597562161,constructed
1986-05,163.16,247.35,,,0.053256729714027395,0.05022927989130421,,,-0.0390275304499058,-0.0451775304499058,0.00615,0.0049,8.05,observed,0.0002510345,0.0001882759,0.0003137931,0.05350776421402739,estimated,0.05462854936192163,0.05462854936192163,constructed
1986-06,162.62,250.84,,,-0.003309634714390719,0.014109561350313271,,,0.05539401945818169,0.04868568612484836,0.0067083333333333335,0.0052,7.35,observed,0.0002383412,0.0001787559,0.0002979265,-0.003071293514390719,estimated,0.01676242390268401,0.01676242390268401,constructed
1986-07,144.71,236.12,,,-0.11013405485180172,-0.058682825705629105,,,0.006820820060838014,0.000695820060838015,0.006124999999999999,0.0052,7.34,observed,0.0002391326,0.0001793495,0.0002989158,-0.10989492225180172,estimated,-0.05699400267127808,-0.05699400267127808,constructed
1986-08,151.7,252.93,,,0.04830350355884172,0.07119261392512288,,,0.03373185244376609,0.027615185777099427,0.006116666666666666,0.0046,6.95,observed,0.0002687288,0.0002015466,0.000335911,0.04857223235884172,estimated,0.07543840855769579,0.07543840855769579,constructed
1986-09,137.5,231.32,,,-0.09360580092287407,-0.08543865891748714,,,-0.02882925584013482,-0.03462092250680149,0.005791666666666667,0.0045000000000000005,7.45,observed,0.0002563464,0.0001922598,0.000320433,-0.09334945452287408,estimated,-0.0832509925612932,-0.0832509925612932,constructed
1986-10,144.48,243.98,,,0.050763636363636344,0.054729379214940366,,,0.013862354002550165,0.007654020669216832,0.006208333333333333,0.0046,7.34,observed,0.00028282,0.000212115,0.000353525,0.05104645636363635,estimated,0.05734306923377219,0.05734306923377219,constructed
1986-11,147.94,249.22,,,0.023947951273532775,0.021477170259857514,,,0.019449994922566945,0.013333328255900279,0.006116666666666666,0.0039000000000000003,7.15,observed,0.0002691566,0.0002018675,0.0003364458,0.024217107873532775,estimated,0.02636557386491689,0.02636557386491689,constructed
1986-12,141.41,242.17,,,-0.044139516020008096,-0.02828825936923207,,,0.00036436152464674066,-0.005593971808686593,0.005958333333333334,0.0049,7.23,observed,0.0002628616,0.0001971462,0.000328577,-0.0438766544200081,estimated,-0.025866587426382037,-0.025866587426382037,constructed
1987-01,166.68,274.08,,,0.1787002333639771,0.13176694057893212,,,0.00952906098189282,0.0035040609818928203,0.006025,0.0042,7.18,observed,0.0003775222,0.0002831417,0.0004719028,0.17907775556397712,estimated,0.13317177367128474,0.13317177367128474,constructed
1987-02,182.75,284.2,,,0.09641228701703852,0.036923525977816674,,,0.00528283469560175,-0.0007004986377315836,0.0059833333333333336,0.0043,7.19,observed,0.0003202869,0.0002402152,0.0004003586,0.09673257391703852,estimated,0.04062672263485223,0.04062672263485223,constructed
1987-03,186.04,291.7,,,0.018002735978112083,0.02638986629134421,,,-0.016106682246414823,-0.02209834891308149,0.005991666666666667,0.004699999999999999,7.51,observed,0.0002921227,0.000219092,0.0003651533,0.018294858678112084,estimated,0.02871065379403115,0.02871065379403115,constructed
1987-04,184.83,288.36,,,-0.006503977639217284,-0.0114501199862872,,,-0.04061204564732838,-0.04687037898066171,0.006258333333333334,0.0044,8.21,observed,0.0002869567,0.0002152175,0.0003586958,-0.006217020939217284,estimated,-0.009558990942464374,-0.009558990942464374,constructed
1987-05,188.77,290.1,,,0.021316885786939244,0.006034124011652153,,,-0.011678756584724028,-0.018520423251390694,0.006841666666666667,0.0038,8.49,observed,0.0002888352,0.0002166264,0.000361044,0.021605720986939244,estimated,0.00967667157993013,0.00967667157993013,constructed
1987-06,189.24,304.0,,,0.002489802405043262,0.04791451223715959,,,0.014385832935619517,0.007310832935619516,0.0070750000000000006,0.0048,8.38,observed,0.0002828067,0.000212105,0.0003535083,0.002772609105043262,estimated,0.05022743754040704,0.05022743754040704,constructed
1987-07,196.35,318.66,,,0.037571337983512976,0.04822368421052636,,,-0.011400836609702487,-0.018384169943035822,0.0069833333333333344,0.0046,8.66,observed,0.0002821043,0.0002115782,0.0003526304,0.03785344228351298,estimated,0.05008265113626065,0.05008265113626065,constructed
1987-08,209.57,329.8,,,0.06732874968169078,0.034958890353354644,,,-0.014781487237284657,-0.021998153903951323,0.007216666666666666,0.004699999999999999,9.0,observed,0.0002718891,0.0002039168,0.0003398613,0.06760063878169079,estimated,0.03839455316157658,0.03839455316157658,constructed
1987-09,205.5,321.83,,,-0.0194207186143055,-0.024166161309884915,,,-0.03217813934687037,-0.03967813934687037,0.0075,0.0045000000000000005,9.63,observed,0.0002547379,0.0001910534,0.0003184223,-0.0191659807143055,estimated,-0.022166981257712104,-0.022166981257712104,constructed
1987-10,150.07,251.79,,,-0.2697323600973236,-0.217630426001305,,,0.05680193996057731,0.048776939960577304,0.008025000000000001,0.006,8.88,observed,0.000259783,0.0001948373,0.0003247288,-0.2694725770973236,estimated,-0.21588435756817048,-0.21588435756817048,constructed
1987-11,137.13,230.3,,,-0.08622642766708866,-0.0853489018626633,,,0.0002798860065644053,-0.007120113993435595,0.0074,0.0034999999999999996,8.99,observed,0.0003557368,0.0002668026,0.000444671,-0.08587069086708865,estimated,-0.08132742190498021,-0.08132742190498021,constructed
1987-12,156.25,247.08,,,0.13942973820462345,0.0728614850195397,,,0.01791990154843503,0.010428234881768361,0.007491666666666667,0.0039000000000000003,8.83,observed,0.0003893052,0.0002919789,0.0004866315,0.13981904340462345,estimated,0.07560396570427019,0.07560396570427019,constructed
1988-01,159.13,257.07,,257.47,0.018432000000000004,0.040432248664400205,,,0.04544080777083057,0.03808247443749724,0.007358333333333334,0.0029,8.26,observed,0.0004447077,0.0003335308,0.0005558847,0.018876707700000005,estimated,0.04205115751983168,0.04205115751983168,constructed
1988-02,172.64,267.82,,269.48,0.08489913906868596,0.04181740381997123,,0.04664621120907286,0.013593782152445423,0.0067104488191120915,0.0068833333333333325,0.0046,8.16,observed,0.0004366592,0.0003274944,0.000545824,0.08533579826868595,estimated,,0.04664621120907286,observed
1988-03,173.26,258.89,,261.15,0.0035912882298425597,-0.03334329026958405,,-0.030911384889416804,-0.020225027912092935,-0.027025027912092936,0.0068000000000000005,0.0044,8.57,observed,0.0004024883,0.0003018662,0.0005031104,0.00399377652984256,estimated,,-0.030911384889416804,observed
1988-04,175.92,261.33,,264.04,0.015352649197737378,0.009424852253852922,,0.011066436913651279,-0.012377531293476341,-0.01951919796014301,0.007141666666666667,0.0046,8.87,observed,0.000401048,0.000300786,0.00050131,0.01575369719773738,estimated,,0.011066436913651279,observed
1988-05,173.34,262.16,,266.32,-0.014665757162346416,0.0031760609191444633,,0.008635055294652139,-0.01377687062159818,-0.021168537288264844,0.007391666666666665,0.0051,9.2,observed,0.000394984,0.000296238,0.00049373,-0.014270773162346416,estimated,,0.008635055294652139,observed
1988-06,189.03,273.5,,278.54,0.09051574939425411,0.043256026853829566,,0.045884650045058706,0.03244442691582346,0.02477776024915679,0.007666666666666666,0.0049,8.82,observed,0.0004008629,0.0003006472,0.0005010787,0.09091661229425411,estimated,,0.045884650045058706,observed
1988-07,181.16,272.02,,277.49,-0.041633603131777996,-0.005411334552102409,,-0.0037696560637611176,-0.011960272419872155,-0.019310272419872154,0.00735,0.0051,9.12,observed,0.0003675902,0.0002756927,0.0004594878,-0.041266012931778,estimated,,-0.0037696560637611176,observed
1988-08,171.0,261.52,,268.07,-0.05608302053433423,-0.03860010293360783,,-0.03394716926736108,-0.0007212806232160217,-0.00832128062321602,0.007599999999999999,0.0059,9.25,observed,0.0003835592,0.0002876694,0.000479449,-0.055699461334334226,estimated,,-0.03394716926736108,observed
1988-09,179.37,271.91,,279.49,0.04894736842105263,0.03972927500764767,,0.042600813220427636,0.032432650749514416,0.024724317416181085,0.0077083333333333335,0.0062,8.87,observed,0.0004063484,0.0003047613,0.0005079356,0.04935371682105263,estimated,,0.042600813220427636,observed
1988-10,174.78,278.97,,287.27,-0.025589563472152577,0.025964473539038746,,0.02783641632974332,0.021842636387295424,0.014450969720628759,0.007391666666666665,0.0060999999999999995,8.65,observed,0.0003873869,0.0002905402,0.0004842336,-0.025202176572152575,estimated,,0.02783641632974332,observed
1988-11,169.19,273.7,,283.18,-0.03198306442384713,-0.018890920170627767,,-0.014237476938072091,-0.019250480199570246,-0.02645881353290358,0.007208333333333334,0.005699999999999999,9.06,observed,0.0003975603,0.0002981702,0.0004969503,-0.03158550412384713,estimated,,-0.014237476938072091,observed
1988-12,177.41,277.72,,288.12,0.048584431704001396,0.014687614176105424,,0.01744473479765518,0.0024050123904350565,-0.005144987609564944,0.00755,0.0063,9.14,observed,0.0004106956,0.0003080217,0.0005133695,0.04899512730400139,estimated,,0.01744473479765518,observed
1989-01,186.47,297.47,,309.21,0.05106814722958131,0.07111479187671033,,0.07319866722199064,0.01602410652146353,0.008407439854796861,0.007616666666666667,0.0055000000000000005,9.01,observed,0.0009567969,0.0007175977,0.0011959961,0.05202494412958131,estimated,,0.07319866722199064,observed
1989-02,183.79,288.86,,301.51,-0.014372285086072911,-0.028944095202877662,,-0.02490217004624684,-0.012275391352668759,-0.01978372468600209,0.007508333333333333,0.0060999999999999995,9.32,observed,0.0009103091,0.0006827318,0.0011378863,-0.013461975986072912,estimated,,-0.02490217004624684,observed
1989-03,185.87,294.87,,308.54,0.011317264269002703,0.02080592674652082,,0.02331597625286075,0.009044127867502163,0.0012774612008354946,0.007766666666666667,0.0067,9.3,observed,0.0009235831,0.0006926873,0.0011544788,0.012240847369002703,estimated,,0.02331597625286075,observed
1989-04,200.47,309.64,,324.56,0.07854952386076297,0.05008987011225274,,0.05192195501393648,0.025850542276354714,0.018100542276354714,0.007750000000000001,0.0067,9.02,observed,0.0009132476,0.0006849357,0.0011415595,0.07946277146076297,estimated,,0.05192195501393648,observed
1989-05,214.54,320.52,,337.69,0.07018506509702194,0.03513757912414417,,0.0404547695341384,0.0351647981793664,0.027648131512699736,0.007516666666666667,0.0079,8.6,observed,0.0008467368,0.0006350526,0.001058421,0.07103180189702193,estimated,,0.0404547695341384,observed
1989-06,204.59,317.98,,335.78,-0.04637829775333269,-0.007924622488456157,,-0.005656075098463109,0.04080731015661522,0.03364064348994855,0.007166666666666666,0.0070999999999999995,8.1,observed,0.000791206,0.0005934045,0.0009890075,-0.045587091753332684,estimated,,-0.005656075098463109,observed
1989-07,214.28,346.08,,366.1,0.04736301872036752,0.08837033775709147,,0.0902972184168207,0.02582236479385599,0.01907236479385599,0.00675,0.006999999999999999,7.82,observed,0.0008296854,0.000622264,0.0010371067,0.048192704120367524,estimated,,0.0902972184168207,observed
1989-08,222.0,351.45,,373.25,0.03602762740339749,0.01551664355062421,,0.01953018301010645,-0.02288033114473437,-0.029396997811401038,0.006516666666666667,0.0074,8.26,observed,0.000792166,0.0005941245,0.0009902075,0.036819793403397486,estimated,,0.01953018301010645,observed
1989-09,226.41,349.15,,371.74,0.01986486486486494,-0.006544316403471417,,-0.00404554588077688,0.003550057857309865,-0.0033332754760234673,0.0068833333333333325,0.006500000000000001,8.31,observed,0.0007646186,0.000573464,0.0009557733,0.02062948346486494,estimated,,-0.00404554588077688,observed
1989-10,222.62,340.36,,363.11,-0.016739543306391047,-0.0251754260346555,,-0.023215150373917193,0.03337318753027556,0.026448187530275558,0.006925000000000001,0.0068000000000000005,7.92,observed,0.0007497254,0.0005622941,0.0009371568,-0.015989817906391045,estimated,,-0.023215150373917193,observed
1989-11,224.44,345.99,,370.51,0.008175366094690384,0.01654130920202146,,0.020379499325273276,0.012044438925570115,0.0054444389255701164,0.006599999999999999,0.0069,7.84,observed,0.0007624891,0.0005718669,0.0009531114,0.008937855194690383,estimated,,0.020379499325273276,observed
1989-12,223.84,353.4,,379.41,-0.0026733202637675424,0.021416803953871355,,0.02402094410407285,0.00043259323581473514,-0.006100740097518598,0.006533333333333333,0.0060999999999999995,7.93,observed,0.0007563061,0.0005672295,0.0009453826,-0.0019170141637675424,estimated,,0.02402094410407285,observed
1990-01,201.94,329.08,,353.94,-0.09783774124374556,-0.0688172043010753,,-0.06713054479323166,-0.026550368822069396,-0.03315870215540273,0.006608333333333333,0.005699999999999999,8.43,observed,0.0007988113,0.0005991085,0.0009985141,-0.09703892994374556,estimated,,-0.06713054479323166,observed
1990-02,207.91,331.89,,358.5,0.029563236604932097,0.008538957092500299,,0.012883539582980275,0.0017380527903242925,-0.0052869472096757075,0.007025,0.005699999999999999,8.51,observed,0.0008854408,0.0006640806,0.001106801,0.0304486774049321,estimated,,0.012883539582980275,observed
1990-03,213.15,339.94,,368.0,0.025203212928671004,0.02425502425502435,,0.02649930264993028,-0.0021044049737335944,-0.00919607164040026,0.007091666666666666,0.0064,8.65,observed,0.000860016,0.000645012,0.0010750199,0.026063228928671005,estimated,,0.02649930264993028,observed
1990-04,205.81,330.8,,358.82,-0.03443584330283844,-0.026887097723127584,,-0.02494565217391309,-0.017981457335523848,-0.02518979066885718,0.007208333333333334,0.0069,9.04,observed,0.0008388736,0.0006291552,0.0010485921,-0.033596969702838445,estimated,,-0.02494565217391309,observed
1990-05,236.15,361.23,,393.8,0.14741752101452787,0.09198911729141468,,0.09748620478234216,0.03649804253711392,0.02896470920378058,0.007533333333333333,0.0068000000000000005,8.6,observed,0.0008687912,0.0006515934,0.001085989,0.14828631221452787,estimated,,0.09748620478234216,observed
1990-06,238.46,358.02,,391.14,0.009781918272284473,-0.008886305124159222,,-0.006754697816150346,0.01844062539950343,0.011273958732836764,0.007166666666666666,0.0063,8.43,observed,0.0007571709,0.0005678782,0.0009464637,0.010539089172284473,estimated,,-0.006754697816150346,observed
1990-07,223.38,356.15,,389.89,-0.06323911767172696,-0.005223171889838563,,-0.003195786674847878,0.01168140944704715,0.0046564094470471495,0.007025,0.0068000000000000005,8.36,observed,0.0007498361,0.0005623771,0.0009372951,-0.062489281571726965,estimated,,-0.003195786674847878,observed
1990-08,193.62,322.56,,354.65,-0.13322589309696475,-0.09431419345781267,,-0.09038446741388595,-0.025579375642886492,-0.03254604230955316,0.006966666666666666,0.0066,8.86,observed,0.0008004562,0.0006003422,0.0010005703,-0.13242543689696476,estimated,,-0.09038446741388595,observed
1990-09,177.06,306.05,,337.39,-0.08552835450883178,-0.05118427579365081,,-0.04866770054983782,0.009991518622718444,0.002608185289385112,0.007383333333333333,0.006,8.82,observed,0.0009234889,0.0006926167,0.0011543611,-0.08460486560883178,estimated,,-0.04866770054983782,observed
1990-10,172.56,304.0,,335.95,-0.02541511352084036,-0.006698251919621034,,-0.004268057737336628,0.01851665842048592,0.01116665842048592,0.00735,0.0068000000000000005,8.65,observed,0.0010098606,0.0007573954,0.0012623257,-0.02440525292084036,estimated,,-0.004268057737336628,observed
1990-11,192.66,322.22,,357.67,0.11648122392211402,0.05993421052631587,,0.06465247804732854,0.03326476321162082,0.02605642987828749,0.007208333333333334,0.005699999999999999,8.26,observed,0.0010361956,0.0007771467,0.0012952445,0.11751741952211402,estimated,,0.06465247804732854,observed
1990-12,200.53,330.22,,367.63,0.04084916433094565,0.02482775743280996,,0.02784689797858353,0.01900460068034302,0.01212126734700969,0.0068833333333333325,0.006,8.08,observed,0.0009280905,0.0006960679,0.0011601131,0.04177725483094565,estimated,,0.02784689797858353,observed
1991-01,232.43,343.93,,383.64,0.15907844212835998,0.04151777602810247,,0.04354922068383971,0.010107754865021544,0.00337442153168821,0.006733333333333333,0.0052,8.03,observed,0.0007287181,0.0005465385,0.0009108976,0.15980716022835997,estimated,,0.04354922068383971,observed
1991-02,250.12,367.07,,411.08,0.07610893602374902,0.06728113278864889,,0.07152538838494427,0.007366847667582014,0.000675181000915348,0.006691666666666666,0.0048,8.02,observed,0.0006287047,0.0004715285,0.0007858809,0.07673764072374901,estimated,,0.07152538838494427,observed
1991-03,264.9,375.22,,421.03,0.0590916360147129,0.022202849592720897,,0.024204534397197497,0.004660458835576267,-0.0020228744977570656,0.006683333333333333,0.0044,8.05,observed,0.0005842389,0.0004381792,0.0007302986,0.0596758749147129,estimated,,0.024204534397197497,observed
1991-04,263.65,375.35,,422.03,-0.004718761796904447,0.0003464634081338236,,0.0023751276631118756,0.008733876336079156,0.002025543002745822,0.0067083333333333335,0.0053,8.02,observed,0.0005516415,0.0004137311,0.0006895519,-0.004167120296904447,estimated,,0.0023751276631118756,observed
1991-05,279.0,389.83,,440.24,0.05822112649345734,0.03857732782736112,,0.04314859133236992,0.003987351787581209,-0.002695981545752124,0.006683333333333333,0.004699999999999999,8.06,observed,0.0005542569,0.0004156927,0.0006928211,0.058775383393457344,estimated,,0.04314859133236992,observed
1991-06,254.19,371.16,,420.07,-0.08892473118279576,-0.047892671164353584,,-0.045815918589860116,-0.00531990302508593,-0.012036569691752597,0.006716666666666667,0.0042,8.24,observed,0.0005237628,0.0003928221,0.0006547036,-0.08840096838279576,estimated,,-0.045815918589860116,observed
1991-07,272.15,387.81,,439.65,0.07065580864707499,0.04485935984481082,,0.04661127907253548,0.009546146935359136,0.002679480268692469,0.006866666666666667,0.0049,8.2,observed,0.0005748843,0.0004311632,0.0007186053,0.07123069294707499,estimated,,0.04661127907253548,observed
1991-08,287.4,395.43,,450.06,0.056035274664707035,0.01964879709135925,,0.023677925622654472,0.03271725698213798,0.025883923648804652,0.006833333333333333,0.0046,7.82,observed,0.0005369459,0.0004027094,0.0006711824,0.05657222056470704,estimated,,0.023677925622654472,observed
1991-09,287.54,387.86,,442.53,0.00048712595685462823,-0.01914371696634043,,-0.016731102519664143,0.030729758488814592,0.024213091822147925,0.006516666666666667,0.0046,7.47,observed,0.0005084545,0.0003813409,0.0006355682,0.0009955804568546282,estimated,,-0.016731102519664143,observed
1991-10,292.5,392.46,,448.48,0.017249773944494562,0.011859949466302089,,0.013445416129979959,0.0062250000000000005,0.0,0.0062250000000000005,0.0042,7.47,observed,0.000508207,0.0003811552,0.0006352587,0.017757980944494562,estimated,,0.013445416129979959,observed
1991-11,284.79,375.22,,430.41,-0.026358974358974274,-0.043928043622279866,,-0.04029165180164107,0.012476222276627334,0.006251222276627333,0.0062250000000000005,0.0039000000000000003,7.38,observed,0.0004995892,0.0003746919,0.0006244865,-0.025859385158974273,estimated,,-0.04029165180164107,observed
1991-12,330.86,417.09,,479.63,0.16176832051687207,0.11158786845050894,,0.11435607908738166,0.05410769871035649,0.04795769871035649,0.00615,0.0038,6.71,observed,0.0005131143,0.0003848358,0.0006413929,0.16228143481687207,estimated,,0.11435607908738166,observed
1992-01,338.31,408.79,,470.7,0.022517076709182016,-0.01989978182166907,,-0.01861851844129847,-0.0362134574507078,-0.04180512411737447,0.005591666666666666,0.0034000000000000002,7.31,observed,0.0004989636,0.0003742227,0.0006237044,0.023016040309182015,estimated,,-0.01861851844129847,observed
1992-02,345.88,412.7,,476.79,0.022375927403860407,0.009564813229286262,,0.01293817718291912,0.008883657159571682,0.0027919904929050166,0.006091666666666666,0.0028000000000000004,7.27,observed,0.0004879758,0.0003659818,0.0006099697,0.022863903203860406,estimated,,0.01293817718291912,observed
1992-03,323.05,403.69,,467.52,-0.06600555105817041,-0.021831839108311102,,-0.019442521864972084,-0.012562314208608816,-0.018620647541942148,0.006058333333333333,0.0034000000000000002,7.54,observed,0.0004772958,0.0003579719,0.0005966198,-0.06552825525817041,estimated,,-0.019442521864972084,observed
1992-04,307.86,414.95,,481.25,-0.04702058504875406,0.027892689935346437,,0.029367727583846648,0.001470731916670934,-0.004812601416662399,0.006283333333333333,0.0032,7.61,observed,0.0005110264,0.0003832698,0.000638783,-0.04650955864875406,estimated,,0.029367727583846648,observed
1992-05,315.3,415.35,,483.6,0.024166829078152485,0.0009639715628388945,,0.004883116883116934,0.025833321363503334,0.01949165469683667,0.0063416666666666665,0.0028000000000000004,7.33,observed,0.0005362408,0.0004021806,0.000670301,0.024703069878152486,estimated,,0.004883116883116934,observed
1992-06,301.23,408.14,,476.41,-0.044624167459562325,-0.017358853978572397,,-0.014867659222497887,0.019447635001915216,0.013339301668581882,0.006108333333333334,0.0032,7.14,observed,0.0005235873,0.0003926905,0.0006544842,-0.04410058015956232,estimated,,-0.014867659222497887,observed
1992-07,310.89,424.21,,495.87,0.032068519071805524,0.03937374430342522,,0.040847169454881316,0.03599944807458853,0.030049448074588536,0.0059499999999999996,0.0031,6.72,observed,0.0005480433,0.0004110325,0.0006850541,0.032616562371805526,estimated,,0.040847169454881316,observed
1992-08,299.26,414.03,,485.72,-0.037408729775804894,-0.0239975483840551,,-0.020469074555831135,0.012787077561826794,0.0071870775618267935,0.0056,0.0026,6.62,observed,0.0005310145,0.0003982608,0.0006637681,-0.03687771527580489,estimated,,-0.020469074555831135,observed
1992-09,313.19,417.8,,491.43,0.04654815210853447,0.009105620365674083,,0.01175574405006996,0.023689539244415244,0.018172872577748578,0.005516666666666666,0.0026,6.37,observed,0.000551651,0.0004137383,0.0006895638,0.04709980310853447,estimated,,0.01175574405006996,observed
1992-10,329.15,418.68,,493.13,0.05095948146492546,0.002106270943034838,,0.003459292269499148,-0.02534562711791657,-0.030653960451249906,0.005308333333333334,0.0023,6.8,observed,0.0005271148,0.0003953361,0.0006588935,0.05148659626492546,estimated,,0.003459292269499148,observed
1992-11,350.96,431.35,,509.92,0.0662615828649551,0.03026177510270367,,0.03404781700565773,-0.004954558632217762,-0.010621225298884429,0.005666666666666667,0.0023,6.95,observed,0.0005015558,0.0003761668,0.0006269447,0.06676313866495509,estimated,,0.03404781700565773,observed
1992-12,360.19,435.71,,516.18,0.026299293366765397,0.010107801089602297,,0.012276435519297024,0.023694423216920085,0.017902756550253418,0.005791666666666667,0.0028000000000000004,6.7,observed,0.0004703872,0.0003527904,0.000587984,0.026769680566765396,estimated,,0.012276435519297024,observed
1993-01,370.56,438.78,,520.49,0.028790360642994006,0.007045970943976521,,0.008349800457204903,0.028097184785753463,0.02251385145242013,0.005583333333333333,0.0023,6.39,observed,0.0004791582,0.0003593687,0.0005989478,0.029269518842994006,estimated,,0.008349800457204903,observed
1993-02,351.14,443.38,,527.59,-0.05240716753022456,0.010483613656046442,,0.01364099214201997,0.031903777441020215,0.026578777441020218,0.005325,0.0022,6.03,observed,0.0004657491,0.0003493119,0.0005821864,-0.05194141843022456,estimated,,0.01364099214201997,observed
1993-03,359.42,451.67,,538.72,0.023580338326593564,0.018697279985565585,,0.02109592676131089,0.005025,0.0,0.005025,0.0025,6.03,observed,0.0004915077,0.0003686307,0.0006143846,0.024071846026593565,estimated,,0.02109592676131089,observed
1993-04,339.94,440.19,,525.7,-0.05419843080518616,-0.025416786591980878,,-0.02416839916839908,0.0035497550347210454,-0.0014752449652789545,0.005025,0.0024,6.05,observed,0.0004801847,0.0003601386,0.0006002309,-0.05371824610518616,estimated,,-0.02416839916839908,observed
1993-05,368.11,450.19,,539.76,0.08286756486438795,0.02271746291374188,,0.026745291991630005,-0.0030314071095827733,-0.00807307377624944,0.0050416666666666665,0.0022,6.16,observed,0.0005077014,0.000380776,0.0006346267,0.08337526626438796,estimated,,0.026745291991630005,observed
1993-06,366.13,450.53,,541.34,-0.00537882698106551,0.0007552366778471598,,0.002927226915666381,0.03199471347540141,0.02686138014206807,0.0051333333333333335,0.0025,5.8,observed,0.000468849,0.0003516367,0.0005860612,-0.0049099779810655095,estimated,,0.002927226915666381,observed
1993-07,352.87,448.13,,539.16,-0.03621664436129246,-0.005327059241337917,,-0.004027044001921221,0.002597977487208779,-0.0022353558461245537,0.004833333333333333,0.0024,5.83,observed,0.0004713845,0.0003535384,0.0005892306,-0.03574525986129246,estimated,,-0.004027044001921221,observed
1993-08,372.65,463.56,,559.62,0.05605463768526642,0.03443197286501687,,0.03794791898508798,0.033674927514237986,0.028816594180904653,0.004858333333333333,0.0025,5.45,observed,0.000489098,0.0003668235,0.0006113725,0.05654373568526642,estimated,,0.03794791898508798,observed
1993-09,382.71,458.93,,555.33,0.026995840601100163,-0.009987919578910986,,-0.007665916157392427,0.008342143561249182,0.0038004768945825163,0.004541666666666667,0.0026,5.4,observed,0.000463137,0.0003473527,0.0005789212,0.02745897760110016,estimated,,-0.007665916157392427,observed
1993-10,390.99,467.83,,566.82,0.021635180685114053,0.019392935741834316,,0.020690400302522782,0.002222891130548795,-0.0022771088694512054,0.0045000000000000005,0.0022,5.43,observed,0.0004509629,0.0003382222,0.0005637036,0.022086143585114053,estimated,,0.020690400302522782,observed
1993-11,386.76,461.79,,561.41,-0.010818691015115567,-0.012910672680247037,,-0.00954447620055765,-0.02527974461499427,-0.029804744614994272,0.0045249999999999995,0.0025,5.83,observed,0.0004414128,0.0003310596,0.000551766,-0.010377278215115566,estimated,,-0.00954447620055765,observed
1993-12,398.28,466.45,,568.2,0.029785913744958092,0.010091166980662036,,0.012094547656792853,0.004858333333333333,0.0,0.004858333333333333,0.0023,5.83,observed,0.0004462406,0.0003346804,0.0005578007,0.030232154344958094,estimated,,0.012094547656792853,observed
1994-01,414.0,481.61,,587.52,0.03946971979511904,0.03250080394468857,,0.03400211193241809,0.014603141967089485,0.009744808633756152,0.004858333333333333,0.0025,5.7,observed,0.0003890985,0.0002918239,0.0004863732,0.03985881829511904,estimated,,0.03400211193241809,observed
1994-02,412.17,467.14,,571.57,-0.004420289855072479,-0.030045057203961778,,-0.027148011982570663,-0.028291323754063433,-0.033041323754063434,0.00475,0.0021,6.15,observed,0.0003743241,0.0002807431,0.0004679051,-0.004045965755072479,estimated,,-0.027148011982570663,observed
1994-03,382.96,445.77,,546.65,-0.07086881626513342,-0.04574645716487569,,-0.04359920919572413,-0.039133624630147294,-0.04425862463014729,0.005125,0.0027,6.77,observed,0.000375986,0.0002819895,0.0004699826,-0.07049283026513342,estimated,,-0.04359920919572413,observed
1994-04,373.25,450.91,,553.66,-0.02535512847294752,0.011530609955807014,,0.012823561693954044,-0.014791476461991294,-0.02043314312865796,0.005641666666666666,0.0027,7.06,observed,0.0004046641,0.0003034981,0.0005058301,-0.02495046437294752,estimated,,0.012823561693954044,observed
1994-05,378.85,456.51,,562.75,0.015003348961821983,0.012419329799738144,,0.016418018278365754,-0.0018290522558207694,-0.007712385589154103,0.005883333333333333,0.0032,7.17,observed,0.0004151913,0.0003113935,0.0005189892,0.015418540261821982,estimated,,0.016418018278365754,observed
1994-06,360.3,444.27,,548.96,-0.04896396990893492,-0.026812118025892118,,-0.02450466459351397,-0.0058539410342440335,-0.011828941034244034,0.005975,0.0031,7.34,observed,0.0004090542,0.0003067906,0.0005113177,-0.04855491570893492,estimated,,-0.02450466459351397,observed
1994-07,370.16,458.25,,566.98,0.02736608381903971,0.03146735093524211,,0.032825706791022924,0.02157602077876842,0.015459354112101753,0.006116666666666666,0.0028000000000000004,7.12,observed,0.0004301143,0.0003225857,0.0005376428,0.02779619811903971,estimated,,0.032825706791022924,observed
1994-08,397.9,475.5,,590.23,0.07494056624162515,0.03764320785597386,,0.04100673745105654,0.0010298428692119147,-0.004903490464121418,0.005933333333333333,0.0037,7.19,observed,0.0004186572,0.0003139929,0.0005233216,0.07535922344162516,estimated,,0.04100673745105654,observed
1994-09,393.85,462.71,,575.8,-0.010178436793163992,-0.02689800210304949,,-0.024448096504752437,-0.02355835054991568,-0.029550017216582347,0.005991666666666667,0.0037,7.62,observed,0.0003894701,0.0002921026,0.0004868377,-0.009788966693163991,estimated,,-0.024448096504752437,observed
1994-10,413.05,472.35,,588.73,0.048749523930430305,0.020833783579347953,,0.02245571378951028,-0.006597677134822588,-0.012947677134822588,0.006350000000000001,0.0038,7.81,observed,0.0003934751,0.0002951063,0.0004918439,0.049142999030430304,estimated,,0.02245571378951028,observed
1994-11,404.82,453.69,,567.29,-0.019924948553443955,-0.039504604636392604,,-0.03641737298931602,-0.0002762416084667362,-0.00678457494180007,0.006508333333333334,0.0037,7.91,observed,0.000375185,0.0002813888,0.0004689813,-0.019549763553443955,estimated,,-0.03641737298931602,observed
1994-12,404.27,459.27,,575.71,-0.0013586285262585651,0.01229914699464385,,0.014842496782950576,0.01135555072654049,0.004763884059873824,0.006591666666666667,0.0044,7.84,observed,0.0003828125,0.0002871094,0.0004785157,-0.0009758160262585651,estimated,,0.014842496782950576,observed
1995-01,405.33,470.42,,590.64,0.002622010042793166,0.024277658022514137,,0.025933195532472864,0.02304100071219289,0.01650766737885956,0.006533333333333333,0.0042,7.6,observed,0.0003088278,0.0002316209,0.0003860348,0.002930837842793166,estimated,,0.025933195532472864,observed
1995-02,432.5,487.39,,613.65,0.0670318012483655,0.03607414650737639,,0.03895774075579039,0.03291658315701665,0.02658324982368332,0.006333333333333333,0.004,7.22,observed,0.0003080202,0.0002310152,0.0003850253,0.06733982144836549,estimated,,0.03895774075579039,observed
1995-03,447.15,500.71,,631.76,0.03387283236994221,0.027329243521615032,,0.02951193677177555,0.007417037239755172,0.0014003705730885052,0.006016666666666667,0.0046,7.2,observed,0.0002886701,0.0002165026,0.0003608377,0.034161502469942207,estimated,,0.02951193677177555,observed
1995-04,469.56,514.71,,650.36,0.05011741026501171,0.027960296379141658,,0.029441560086108653,0.01515557605632822,0.009155576056328218,0.006000000000000001,0.0044,7.07,observed,0.0002792124,0.0002094093,0.0003490155,0.05039662266501171,estimated,,0.029441560086108653,observed
1995-05,488.1,533.4,,676.36,0.03948377204191167,0.0363117095063239,,0.039977858416876844,0.06204296167274585,0.05615129500607918,0.005891666666666667,0.0054,6.3,observed,0.0002658869,0.0001994151,0.0003323586,0.03974965894191167,estimated,,0.039977858416876844,observed
1995-06,538.03,544.75,,692.07,0.10229461175988508,0.02127859017622802,,0.023227275415459214,0.011840159714021217,0.006590159714021215,0.00525,0.004699999999999999,6.21,observed,0.0002557874,0.0001918406,0.0003197343,0.10255039915988508,estimated,,0.023227275415459214,observed
1995-07,568.88,562.06,,715.02,0.05733881010352593,0.031776044056906816,,0.033161385408990274,-0.012207568415473144,-0.017382568415473143,0.005175,0.0045000000000000005,6.45,observed,0.0002320499,0.0001740375,0.0002900624,0.05757086000352593,estimated,,0.033161385408990274,observed
1995-08,576.77,561.88,,716.82,0.01386935733370831,-0.00032025050706319114,,0.0025174121003608274,0.017783354856506155,0.012408354856506154,0.0053750000000000004,0.004699999999999999,6.28,observed,0.000219466,0.0001645995,0.0002743325,0.01408882333370831,estimated,,0.0025174121003608274,observed
1995-09,585.08,584.41,,747.07,0.014407822875669885,0.040097529721648595,,0.04220027342987076,0.013302715335509328,0.008069382002175995,0.005233333333333334,0.0043,6.17,observed,0.0002164638,0.0001623479,0.0002705798,0.014624286675669885,estimated,,0.04220027342987076,observed
1995-10,598.78,581.5,,744.4,0.023415601285294185,-0.0049793809140842304,,-0.003573962279304621,0.015477857893730084,0.010336191227063418,0.005141666666666667,0.004699999999999999,6.03,observed,0.0002133893,0.000160042,0.0002667367,0.023628990585294184,estimated,,-0.003573962279304621,observed
1995-11,593.72,605.37,,777.07,-0.008450516049300139,0.04104901117798798,,0.04388769478774868,0.025208232798377084,0.020183232798377082,0.005025,0.0042,5.76,observed,0.000208507,0.0001563803,0.0002606338,-0.008242009049300138,estimated,,0.04388769478774868,observed
1995-12,576.23,615.93,,792.04,-0.02945833052617397,0.017443877298181087,,0.019264673710219116,0.01836791412393088,0.01356791412393088,0.0048,0.0049,5.58,observed,0.000210284,0.000157713,0.000262855,-0.02924804652617397,estimated,,0.019264673710219116,observed
1996-01,591.82,636.02,,819.0,0.027055168942956787,0.032617342879872835,,0.03403868491490325,0.0031438494718246243,-0.0015061505281753762,0.0046500000000000005,0.0043,5.6,observed,0.0001306619,9.79965e-05,0.0001633274,0.027185830842956785,estimated,,0.03403868491490325,observed
1996-02,622.83,640.43,,826.59,0.05239768848636417,0.006933744221879756,,0.009267399267399279,-0.034284305223243924,-0.03895097188991059,0.004666666666666666,0.0039000000000000003,6.13,observed,0.00012722,9.5415e-05,0.000159025,0.052524908486364166,estimated,,0.009267399267399279,observed
1996-03,609.69,645.5,,834.55,-0.02109724965078752,0.007916556063894742,,0.009629925355980395,-0.0101777558926796,-0.015286089226012933,0.005108333333333334,0.0039000000000000003,6.34,observed,0.0001208858,9.06644e-05,0.0001511073,-0.020976363850787518,estimated,,0.009629925355980395,observed
1996-04,666.73,654.17,,846.85,0.09355574144237222,0.01343144848954303,,0.01473848181654791,-0.017673699549280747,-0.02295703288261408,0.0052833333333333335,0.0046,6.66,observed,0.0001234912,9.26184e-05,0.000154364,0.09367923264237223,estimated,,0.01473848181654791,observed
1996-05,692.39,669.12,,868.69,0.038486343797339284,0.022853386734335235,,0.025789691208596643,-0.007964265042051555,-0.013514265042051554,0.00555,0.0042,6.85,observed,0.0001129263,8.46947e-05,0.0001411578,0.03859927009733929,estimated,,0.025789691208596643,observed
1996-06,677.3,670.63,,872.01,-0.021794075593235096,0.0022566953610712037,,0.003821846688692121,0.014290010528634229,0.008581677195300896,0.005708333333333333,0.004,6.73,observed,0.0001087412,8.15559e-05,0.0001359265,-0.021685334393235094,estimated,,0.003821846688692121,observed
1996-07,636.01,639.95,,833.48,-0.06096264579949795,-0.04574802797369626,,-0.044185273104666245,0.0006181537249903071,-0.004990179608343026,0.005608333333333333,0.0045000000000000005,6.8,observed,0.0001111639,8.3373e-05,0.0001389549,-0.06085148189949795,estimated,,-0.044185273104666245,observed
1996-08,663.57,651.99,,851.06,0.043332652002327166,0.01881396984139383,,0.021092287757354722,-0.00565754629971553,-0.011324212966382197,0.005666666666666667,0.0040999999999999995,6.96,observed,0.0001183807,8.87856e-05,0.0001479759,0.04345103270232716,estimated,,0.021092287757354722,observed
1996-09,737.57,687.31,,898.97,0.11151800111517995,0.054172610009355804,,0.05629450332526509,0.02297111318547926,0.01717111318547926,0.0058,0.0044,6.72,observed,0.000113464,8.5098e-05,0.0001418301,0.11163146511517995,estimated,,0.05629450332526509,observed
1996-10,751.99,705.27,,923.76,0.019550686714481236,0.026130857982569866,,0.027576003648620118,0.031042021608848232,0.02544202160884823,0.0056,0.0042,6.37,observed,0.0001020803,7.65602e-05,0.0001276003,0.019652767014481237,estimated,,0.027576003648620118,observed
1996-11,834.01,757.02,,993.58,0.10907059934307628,0.07337615381343321,,0.07558240235559022,0.028164149062200525,0.02285581572886719,0.005308333333333334,0.0040999999999999995,6.06,observed,0.0001001228,7.50921e-05,0.0001251535,0.10917072214307628,estimated,,0.07558240235559022,observed
1996-12,821.36,740.74,,973.9,-0.015167683840721313,-0.021505376344086002,,-0.01980716197991106,-0.021772508586963224,-0.026822508586963223,0.00505,0.0046,6.43,observed,9.02763e-05,6.77072e-05,0.0001128454,-0.015077407540721312,estimated,,-0.01980716197991106,observed
1997-01,921.55,786.16,,1034.74,0.12198061751241829,0.06131706131706127,,0.062470479515350785,-0.0018581321908952772,-0.00721646552422861,0.005358333333333333,0.0045000000000000005,6.53,observed,0.0001306816,9.80112e-05,0.000163352,0.12211129911241829,estimated,,0.062470479515350785,observed
1997-02,850.46,790.82,,1042.85,-0.07714177201454064,0.005927546555408725,,0.007837717687534829,0.003279671691836061,-0.0021619949748306055,0.005441666666666667,0.0039000000000000003,6.56,observed,0.0001164741,8.73555e-05,0.0001455926,-0.07702529791454064,estimated,,0.007837717687534829,observed
1997-03,797.06,757.12,,1000.0,-0.06278954918514701,-0.042613995599504406,,-0.04108932252960629,-0.02005870438199848,-0.025525371048665146,0.005466666666666666,0.0043,6.92,observed,0.0001262101,9.46576e-05,0.0001577627,-0.06266333908514701,estimated,,-0.04108932252960629,observed
1997-04,874.74,801.34,,1059.7,0.09745815873334518,0.05840553677092153,,0.059700000000000086,0.020075927654565864,0.014309260987899197,0.0057666666666666665,0.0043,6.72,observed,0.0001346657,0.0001009993,0.0001683322,0.09759282443334517,estimated,,0.059700000000000086,observed
1997-05,958.85,848.28,,1124.22,0.0961542858449369,0.058576883719769324,,0.06088515617627621,0.009185413497317226,0.0035854134973172247,0.0056,0.0049,6.67,observed,0.0001227069,9.20302e-05,0.0001533837,0.09627699274493691,estimated,,0.06088515617627621,observed
1997-06,957.3,885.14,,1174.59,-0.0016165197893310834,0.04345263356438922,,0.04480439771574951,0.0171151656460673,0.011556832312733967,0.005558333333333333,0.0037,6.51,observed,0.0001119431,8.39573e-05,0.0001399289,-0.0015045766893310834,estimated,,0.04480439771574951,observed
1997-07,1107.03,954.29,,1268.05,0.15640864932623,0.07812323474252647,,0.07956818975131741,0.041618269847937026,0.036193269847937026,0.005424999999999999,0.0043,6.02,observed,0.0001121244,8.40933e-05,0.0001401555,0.15652077372623,estimated,,0.07956818975131741,observed
1997-08,1074.17,899.47,,1197.01,-0.02968302575359283,-0.05744584979408773,,-0.05602302748314336,-0.018276421677734026,-0.023293088344400692,0.005016666666666667,0.0040999999999999995,6.34,observed,9.69591e-05,7.27193e-05,0.0001211989,-0.02958606665359283,estimated,,-0.05602302748314336,observed
1997-09,1097.17,947.28,,1262.5601,0.021411880800990435,0.05315352374175908,,0.054761530814278814,0.02145906468735473,0.016175731354021394,0.0052833333333333335,0.0044,6.12,observed,9.99252e-05,7.49439e-05,0.0001249065,0.021511806000990435,estimated,,0.054761530814278814,observed
1997-10,1019.62,914.62,,1220.4,-0.07068184511060283,-0.03447766235959793,,-0.0333925489962813,0.02595371308743156,0.020853713087431558,0.0051,0.0042,5.84,observed,9.78305e-05,7.33729e-05,0.0001222881,-0.07058401461060282,estimated,,-0.0333925489962813,observed
1997-11,1050.51,955.4,,1276.89,0.030295600321688543,0.044586822942861426,,0.046288102261553554,0.0033784869368443746,-0.001488179729822292,0.004866666666666667,0.0039000000000000003,5.86,observed,0.0001052712,7.89534e-05,0.0001315891,0.030400871521688543,estimated,,0.046288102261553554,observed
1997-12,990.8,970.43,,1298.8199,-0.056839059123663827,0.015731630730583923,,0.017174462952955993,0.013109926928918308,0.008226593595584974,0.004883333333333334,0.0048,5.75,observed,0.0001021758,7.66318e-05,0.0001277197,-0.05673688332366383,estimated,,0.017174462952955993,observed
1998-01,1071.13,980.28,,1313.1899,0.08107589826402917,0.010150139628824384,,0.011063889612409117,0.021413139653658902,0.016621472986992236,0.004791666666666667,0.0043,5.53,observed,0.0001080951,8.10713e-05,0.0001351188,0.08118399336402916,estimated,,0.011063889612409117,observed
1998-02,1194.13,1049.34,,1407.9,0.11483199985062509,0.0704492593952748,,0.07212216603249844,-0.0021630728449953873,-0.0067714061783287205,0.004608333333333333,0.0039000000000000003,5.62,observed,9.99884e-05,7.49913e-05,0.0001249855,0.11493198825062509,estimated,,0.07212216603249844,observed
1998-03,1220.66,1101.75,,1480.0,0.022217011548156362,0.04994568014180345,,0.051211023510192355,0.0009301304325278368,-0.003753202900805497,0.004683333333333334,0.0039000000000000003,5.67,observed,8.96892e-05,6.72669e-05,0.0001121115,0.022306700748156362,estimated,,0.051211023510192355,observed
1998-04,1248.12,1111.75,,1494.89,0.02249602673963258,0.009076469253460395,,0.010060810810810894,0.003974706292670625,-0.0007502937073293747,0.004725,0.0043,5.68,observed,8.77399e-05,6.58049e-05,0.0001096749,0.02258376663963258,estimated,,0.010060810810810894,observed
1998-05,1192.07,1090.82,,1469.1899,-0.04490754094157612,-0.018826174949404195,,-0.017191967301941946,0.013786993663495638,0.009053660330162305,0.004733333333333333,0.004,5.56,observed,8.58095e-05,6.43571e-05,0.0001072619,-0.04482173144157612,estimated,,-0.017191967301941946,observed
1998-06,1337.34,1133.84,,1528.87,0.12186364894679014,0.03943822078803105,,0.04062109329774177,0.0137375381941925,0.009104204860859166,0.004633333333333333,0.0040999999999999995,5.44,observed,8.98442e-05,6.73832e-05,0.0001123053,0.12195349314679013,estimated,,0.04062109329774177,observed
1998-07,1377.26,1120.67,,1512.59,0.029850299848954043,-0.011615395470260248,,-0.010648387371064882,-6.107296997848177e-06,-0.004539440630331182,0.004533333333333334,0.004,5.5,observed,8.00848e-05,6.00636e-05,0.000100106,0.029930384648954044,estimated,,-0.010648387371064882,observed
1998-08,1140.34,957.28,,1293.9,-0.1720227117610328,-0.14579671089616042,,-0.14457982665494273,0.039350879699463666,0.03476754636613033,0.004583333333333333,0.0043,5.05,observed,7.77635e-05,5.83226e-05,9.72044e-05,-0.1719449482610328,estimated,,-0.14457982665494273,observed
1998-09,1345.48,1017.01,,1376.79,0.17989371590929037,0.06239553735584158,,0.0640621377231625,0.052712732858821464,0.04850439952548813,0.004208333333333333,0.0046,4.44,observed,9.39199e-05,7.04399e-05,0.0001173998,0.17998763580929036,estimated,,0.0640621377231625,observed
1998-10,1400.52,1098.67,,1488.78,0.040907334185569466,0.08029419573062224,,0.08134138103850264,-0.012053187328110929,-0.01575318732811093,0.0037,0.0032,4.64,observed,7.96003e-05,5.97002e-05,9.95003e-05,0.04098693448556947,estimated,,0.08134138103850264,observed
1998-11,1557.96,1163.63,,1579.02,0.1124153885699597,0.059126034204993294,,0.060613388143311964,-0.003972836785340458,-0.007839503452007124,0.0038666666666666663,0.0031,4.74,observed,7.6472e-05,5.7354e-05,9.559e-05,0.11249186056995969,estimated,,0.060613388143311964,observed
1998-12,1836.01,1229.23,,1670.01,0.1784705640709645,0.056375308302467175,,0.057624349279933096,0.011035585885766355,0.0070855858857663545,0.00395,0.0038,4.65,observed,6.87441e-05,5.15581e-05,8.59301e-05,0.1785393081709645,estimated,,0.057624349279933096,observed
1999-01,2127.19,1279.64,,1739.84,0.15859390744059132,0.04100941239637823,,0.04181412087352765,0.0030880844704265606,-0.0007869155295734398,0.0038750000000000004,0.0034999999999999996,4.66,observed,5.04875e-05,3.78656e-05,6.31093e-05,0.15864439494059132,estimated,,0.04181412087352765,observed
1999-02,1925.28,1238.33,,1685.77,-0.09491864854573406,-0.032282516957894525,,-0.031077570351296657,-0.0442484899293827,-0.048131823262716034,0.0038833333333333337,0.0034999999999999996,5.29,observed,4.35765e-05,3.26824e-05,5.44706e-05,-0.09487507204573406,estimated,,-0.031077570351296657,observed
1999-03,2106.39,1286.37,2106.66,1753.21,0.09406943405634505,0.038794182487705164,,0.04000545744674544,0.0074700264351188345,0.003061693101785501,0.0044083333333333335,0.0043,5.25,observed,4.81465e-05,3.61099e-05,6.01831e-05,0.09411758055634505,estimated,,0.04000545744674544,observed
1999-04,2136.39,1335.18,2136.74,1821.11,0.014242376767835019,0.037943981902563095,0.014278526197867736,0.038728960021902514,-0.004001619382848172,-0.008376619382848172,0.0043749999999999995,0.0037,5.36,observed,,,,0.014278526197867736,observed,,0.038728960021902514,observed
1999-05,2089.7,1301.84,2090.22,1778.1,-0.021854623921662264,-0.02497041597387628,-0.02177148366202719,-0.023617464074108696,-0.016580446297735092,-0.02104711296440176,0.0044666666666666665,0.0034000000000000002,5.64,observed,,,,-0.02177148366202719,observed,,-0.023617464074108696,observed
1999-06,2296.77,1372.71,2297.38,1876.78,0.09909077858065762,0.05443833343575255,0.09910918467912477,0.055497441088802724,-0.007978695296541088,-0.012678695296541087,0.0047,0.004,5.81,observed,,,,0.09910918467912477,observed,,0.055497441088802724,observed
1999-07,2270.93,1328.72,2271.66,1818.1801,-0.011250582339546455,-0.03204609859329355,-0.01119536167286228,-0.031223638359317518,-0.003320757839615462,-0.008162424506282129,0.004841666666666667,0.0038,5.92,observed,,,,-0.01119536167286228,observed,,-0.031223638359317518,observed
1999-08,2396.87,1320.41,2397.8,1809.1899,0.05545745575601191,-0.0062541393220543195,0.055527675796554155,-0.00494461467266083,0.0004933598058467379,-0.004439973527486596,0.004933333333333334,0.0039000000000000003,5.98,observed,,,,0.055527675796554155,observed,,-0.00494461467266083,observed
1999-09,2407.9,1282.71,2408.88,1759.59,0.004601834893006362,-0.02855173771783015,0.00462090249395275,-0.02741553001152619,0.010925104760827191,0.005941771427493858,0.0049833333333333335,0.0039000000000000003,5.9,observed,,,,0.00462090249395275,observed,,-0.02741553001152619,observed
1999-10,2637.44,1362.93,2638.59,1870.9399,0.09532787906474516,0.06253946722174142,0.09535966922387162,0.06328173040310547,-0.00394699125527699,-0.008863657921943657,0.004916666666666667,0.0039000000000000003,6.02,observed,,,,0.09535966922387162,observed,,0.06328173040310547,observed
1999-11,2966.71,1388.91,2968.11,1908.97,0.1248445462266441,0.01906187405075821,0.1248848816981798,0.020326735241468663,-0.00671524999450335,-0.011731916661170017,0.005016666666666667,0.0036,6.18,observed,,,,0.1248848816981798,observed,,0.020326735241468663,observed
1999-12,3707.82,1469.25,3709.96,2021.4,0.24980871065928256,0.05784392077240419,0.24994019763418462,0.05889563481877658,-0.014405389467407426,-0.019555389467407425,0.005149999999999999,0.0044,6.45,observed,,,,0.24994019763418462,observed,,0.05889563481877658,observed
2000-01,3570.05,1394.46,3572.17,1919.84,-0.03715660415014754,-0.050903522205206664,-0.03714056216239525,-0.050242406253091954,-0.011110441765051732,-0.016485441765051734,0.0053750000000000004,0.0040999999999999995,6.68,observed,,,,-0.03714056216239525,observed,,-0.050242406253091954,observed
2000-02,4266.93,1366.42,4269.69,1883.5,0.1952017478746797,-0.020108142219927405,0.19526506297292667,-0.01892866072172672,0.02442349128702798,0.018856824620361312,0.005566666666666667,0.0043,6.42,observed,,,,0.19526506297292667,observed,,-0.01892866072172672,observed
2000-03,4397.84,1498.58,4400.69,2067.76,0.030680137710250577,0.09671989578606865,0.030681384362799102,0.09782851075126109,0.03414367556110535,0.028793675561105347,0.00535,0.004699999999999999,6.03,observed,,,,0.030681384362799102,observed,,0.09782851075126109,observed
2000-04,3773.18,1452.43,3775.79,2005.55,-0.14203790951921857,-0.030795820042973876,-0.14200045901892655,-0.03008569659921856,-0.009606424169994078,-0.014631424169994078,0.005025,0.0046,6.23,observed,,,,-0.14200045901892655,observed,,-0.03008569659921856,observed
2000-05,3324.08,1420.6,3326.5,1964.4,-0.11902427130431092,-0.02191499762467053,-0.11899231683965472,-0.02051806237690401,0.0008142448625642782,-0.004377421804102388,0.0051916666666666665,0.005,6.29,observed,,,,-0.11899231683965472,observed,,-0.02051806237690401,observed
2000-06,3763.79,1454.6,3766.54,2012.83,0.1322802098625786,0.023933549204561366,0.13228318052006616,0.02465383832213397,0.02443745037407038,0.019195783707403713,0.005241666666666666,0.004,6.03,observed,,,,0.13228318052006616,observed,,0.02465383832213397,observed
2000-07,3609.34,1430.83,3612.07,1981.36,-0.04103576448207791,-0.016341262202667406,-0.04101111364806953,-0.01563470337783124,0.004287039185751183,-0.000737960814248817,0.005025,0.0048,6.04,observed,,,,-0.04101111364806953,observed,,-0.01563470337783124,observed
2000-08,4077.59,1517.68,4080.83,2104.4299,0.12973285974721138,0.06069903482594019,0.12977600101880626,0.06211385109217926,0.028238781766292465,0.02320544843295913,0.005033333333333333,0.005,5.73,observed,,,,0.12977600101880626,observed,,0.06211385109217926,observed
2000-09,3570.61,1436.51,3573.46,1993.33,-0.12433324586336536,-0.053482947656950164,-0.12433009951406937,-0.05279334797514523,-0.0004480461387353649,-0.0052230461387353655,0.004775000000000001,0.0051,5.8,observed,,,,-0.12433009951406937,observed,,-0.05279334797514523,observed
2000-10,3282.3,1429.4,3284.99,1984.91,-0.08074530682432413,-0.00494949565265812,-0.08072568323137808,-0.004224087331249682,0.007074880440381824,0.0022415471070484916,0.004833333333333333,0.005600000000000001,5.77,observed,,,,-0.08072568323137808,observed,,-0.004224087331249682,observed
2000-11,2506.54,1314.95,2508.69,1828.42,-0.23634646436949702,-0.0800685602350637,-0.23631730994614897,-0.07883984664292087,0.026769334985059096,0.021961001651725764,0.004808333333333333,0.0051,5.48,observed,,,,-0.23631730994614897,observed,,-0.07883984664292087,observed
2000-12,2341.7,1320.28,2343.85,1837.37,-0.06576396147677677,0.004053386060306474,-0.06570760038107548,0.004894936611938183,0.032289723201795184,0.02772305653512852,0.004566666666666667,0.005,5.12,observed,,,,-0.06570760038107548,observed,,0.004894936611938183,observed
2001-01,2592.99,1366.01,2595.52,1902.55,0.10731092795832087,0.03463659223801008,0.1073746186829363,0.03547461861247325,-0.0011063210698989152,-0.005372987736565582,0.004266666666666667,0.0054,5.19,observed,,,,0.1073746186829363,observed,,0.03547461861247325,observed
2001-02,1908.32,1239.94,1910.26,1729.08,-0.2640465254397433,-0.09229068601254742,-0.26401645912957716,-0.09117763002286405,0.025313117424509455,0.020988117424509456,0.004325,0.0038,4.92,observed,,,,-0.26401645912957716,observed,,-0.09117763002286405,observed
2001-03,1573.25,1160.33,1574.93,1619.54,-0.17558375953718453,-0.06420471958320573,-0.1755415493178939,-0.0633516089481111,0.0033230273099347308,-0.0007769726900652696,0.0041,0.0042,4.93,observed,,,,-0.1755415493178939,observed,,-0.0633516089481111,observed
2001-04,1855.15,1249.46,1857.2,1745.39,0.17918321945018278,0.07681435453707142,0.17922701326408164,0.07770725020684899,-0.027890010188887086,-0.03199834352222042,0.004108333333333333,0.0039000000000000003,5.35,observed,,,,0.17922701326408164,observed,,0.07770725020684899,observed
2001-05,1799.89,1255.82,1801.99,1757.09,-0.02978734873190847,0.0050901989659533076,-0.02972754684471246,0.006703372885143111,-0.0016139569852035105,-0.006072290318536844,0.004458333333333333,0.0032,5.43,observed,,,,-0.02972754684471246,observed,,0.006703372885143111,observed
2001-06,1830.19,1224.42,1832.33,1714.3199,0.016834362099906075,-0.025003583316080213,0.016836941381472625,-0.024341439539238174,0.005284389080243533,0.0007593890802435332,0.0045249999999999995,0.0028000000000000004,5.42,observed,,,,0.016836941381472625,observed,,-0.024341439539238174,observed
2001-07,1683.61,1211.23,1685.68,1697.45,-0.08009004529584374,-0.010772447362833004,-0.08003470990487516,-0.009840578762458474,0.031532776206040614,0.027016109539373945,0.004516666666666666,0.003,5.07,observed,,,,-0.08003470990487516,observed,,-0.009840578762458474,observed
2001-08,1469.7,1133.58,1471.62,1591.1801,-0.1270543653221351,-0.06410838569057908,-0.12698732855583517,-0.06260561430380862,0.021382791552514956,0.017157791552514956,0.0042250000000000005,0.0031,4.85,observed,,,,-0.12698732855583517,observed,,-0.06260561430380862,observed
2001-09,1168.37,1040.94,1169.91,1462.6899,-0.20502823705518147,-0.08172338961520131,-0.205018958698577,-0.08075151266660507,0.023770419181973368,0.019728752515306702,0.0040416666666666665,0.0028000000000000004,4.6,observed,,,,-0.205018958698577,observed,,-0.08075151266660507,observed
2001-10,1364.78,1059.78,1366.66,1490.58,0.16810599382045077,0.01809902588045409,0.1681753297262183,0.019067677981505105,0.027847192343397366,0.02401385901006403,0.003833333333333333,0.0022,4.3,observed,,,,0.1681753297262183,observed,,0.019067677981505105,observed
2001-11,1596.05,1139.45,1598.36,1604.92,0.16945588299945769,0.07517597992036085,0.1695374123776212,0.07670839538971408,-0.0339754103901107,-0.03755874372344403,0.003583333333333333,0.0017000000000000001,4.78,observed,,,,0.1695374123776212,observed,,0.07670839538971408,observed
2001-12,1577.05,1148.08,1579.37,1618.98,-0.011904388960245593,0.007573829479134542,-0.011880927951149922,0.008760561274082201,-0.018401443142147873,-0.022384776475481205,0.0039833333333333335,0.0015,5.07,observed,,,,-0.011880927951149922,observed,,0.008760561274082201,observed
2002-01,1550.17,1130.2,1552.54,1595.35,-0.017044481785612353,-0.015573827607832103,-0.016987786269208605,-0.014595609581341429,0.0042250000000000005,0.0,0.0042250000000000005,0.0014000000000000002,5.07,observed,,,,-0.016987786269208605,observed,,-0.014595609581341429,observed
2002-02,1359.22,1106.73,1361.46,1564.59,-0.12318003831837798,-0.020766236064413413,-0.12307573395854532,-0.019281035509449373,0.019022202757583782,0.014797202757583783,0.0042250000000000005,0.0013,4.88,observed,,,,-0.12307573395854532,observed,,-0.019281035509449373,observed
2002-03,1452.81,1147.39,1455.2,1623.4301,0.06885566722090597,0.03673886133022508,0.06885255534499723,0.037607360394736,-0.03694034366649124,-0.0410070103331579,0.004066666666666666,0.0013,5.42,observed,,,,0.06885255534499723,observed,,0.037607360394736,observed
2002-04,1277.07,1076.92,1279.26,1525.0,-0.1209655770541227,-0.06141765223681572,-0.12090434304562947,-0.06063094431968463,0.028400467890612176,0.02388380122394551,0.004516666666666666,0.0015,5.11,observed,,,,-0.12090434304562947,observed,,-0.06063094431968463,observed
2002-05,1208.34,1067.14,1210.53,1513.77,-0.05381850642486319,-0.009081454518441445,-0.05372637305942496,-0.0073639344262295126,0.006572916026862022,0.0023145826935286884,0.004258333333333334,0.0014000000000000002,5.08,observed,,,,-0.05372637305942496,observed,,-0.0073639344262295126,observed
2002-06,1051.41,989.81,1053.31,1405.9399,-0.1298723869109687,-0.0724647187810411,-0.1298769960265339,-0.07123281608170329,0.021383056592819714,0.017149723259486382,0.004233333333333333,0.0013,4.86,observed,,,,-0.1298769960265339,observed,,-0.07123281608170329,observed
2002-07,962.11,911.62,963.97,1296.34,-0.08493356540264985,-0.07899495862842354,-0.08481833458336097,-0.07795489693407243,0.03178817318741933,0.027738173187419335,0.004050000000000001,0.0015,4.51,observed,,,,-0.08481833458336097,observed,,-0.07795489693407243,observed
2002-08,942.38,916.07,944.32,1304.86,-0.020507010632879852,0.004881419889866345,-0.020384451798292402,0.00657234984649091,0.03360220228159297,0.029843868948259633,0.0037583333333333336,0.0014000000000000002,4.14,observed,,,,-0.020384451798292402,observed,,0.00657234984649091,observed
2002-09,832.52,815.29,834.24,1163.04,-0.11657717693499436,-0.1100134269215236,-0.11657065401558797,-0.10868598930153417,0.045605868653083186,0.042155868653083184,0.00345,0.0014000000000000002,3.63,observed,,,,-0.11657065401558797,observed,,-0.10868598930153417,observed
2002-10,989.54,885.76,991.67,1265.41,0.18860808148753172,0.08643550147800183,0.18871068277713832,0.08801932865593631,-0.02141716392103371,-0.02444216392103371,0.003025,0.0014000000000000002,3.93,observed,,,,0.18871068277713832,observed,,0.08801932865593631,observed
2002-11,1116.1,936.31,1118.63,1339.89,0.12789781110414933,0.05706963511560681,0.12802646041525922,0.058858393722192925,-0.02002702394499703,-0.02330202394499703,0.003275,0.0012,4.22,observed,,,,0.12802646041525922,observed,,0.058858393722192925,observed
2002-12,984.36,879.82,986.72,1261.1801,-0.11803601827793198,-0.06033258215761861,-0.11792102840081176,-0.05874355357529348,0.03544442351337046,0.03192775684670379,0.003516666666666666,0.0011,3.83,observed,,,,-0.11792102840081176,observed,,-0.05874355357529348,observed
2003-01,983.05,855.7,985.48,1228.14,-0.0013308139298631172,-0.027414698461048825,-0.0012566888276309696,-0.026197765093185277,-0.010612498975938448,-0.013804165642605115,0.003191666666666667,0.001,4.0,observed,,,,-0.0012566888276309696,observed,,-0.026197765093185277,observed
2003-02,1009.74,841.15,1012.85,1209.71,0.02715019581913447,-0.01700362276498779,0.027773267849170002,-0.015006432491409871,0.027212002232262313,0.02387866889892898,0.0033333333333333335,0.0009,3.71,observed,,,,0.027773267849170002,observed,,-0.015006432491409871,observed
2003-03,1018.66,848.18,1021.89,1221.46,0.00883395725632341,0.00835760565891941,0.008925309769462375,0.009713071727934786,-0.006732258516934535,-0.009823925183601201,0.0030916666666666666,0.001,3.83,observed,,,,0.008925309769462375,observed,,0.009713071727934786,observed
2003-04,1106.06,916.92,1109.64,1322.0699,0.08579899083109188,0.08104411799382216,0.0858702991515723,0.0823685589376646,-0.0017061585108159396,-0.0048978251774826065,0.003191666666666667,0.001,3.89,observed,,,,0.0858702991515723,observed,,0.0823685589376646,observed
2003-05,1197.89,963.59,1201.99,1391.72,0.08302442905448171,0.050898660733760925,0.08322519015176089,0.052682615344317396,0.04676849379473577,0.0435268271280691,0.003241666666666667,0.0009,3.37,observed,,,,0.08322519015176089,observed,,0.052682615344317396,observed
2003-06,1201.69,974.5,1205.88,1409.48,0.003172244529965118,0.011322242862628284,0.003236299802827025,0.012761187595205836,-0.011304863500797482,-0.014113196834130814,0.0028083333333333333,0.001,3.54,observed,,,,0.003236299802827025,observed,,0.012761187595205836,observed
2003-07,1276.94,990.31,1281.55,1434.33,0.06262014329818832,0.016223704463827593,0.06275085414800796,0.017630615546158745,-0.07241072208385492,-0.07536072208385491,0.00295,0.0007000000000000001,4.49,observed,,,,0.06275085414800796,observed,,0.017630615546158745,observed
2003-08,1341.2,1008.01,1346.34,1462.3,0.0503234294485253,0.01787319122295039,0.05055596738324675,0.01950039391214009,0.006920774294024403,0.0031791076273577357,0.003741666666666667,0.0007000000000000001,4.45,observed,,,,0.05055596738324675,observed,,0.01950039391214009,observed
2003-09,1303.7,995.97,1308.74,1446.77,-0.02796003578884576,-0.011944325949147294,-0.027927566587934605,-0.01062025576147163,0.04357314505439982,0.039864811721066484,0.003708333333333334,0.0008,3.96,observed,,,,-0.027927566587934605,observed,,-0.01062025576147163,observed
2003-10,1416.39,1050.71,1422.73,1528.62,0.08643859783692576,0.054961494824141255,0.08709904182648964,0.056574299992396826,-0.026274849626802235,-0.029574849626802235,0.0032999999999999995,0.0007000000000000001,4.33,observed,,,,0.08709904182648964,observed,,0.056574299992396826,observed
2003-11,1424.25,1058.2,1430.93,1542.0699,0.005549319043483658,0.007128513100665312,0.0057635672263887106,0.008798720414491479,0.0028093931188762997,-0.0007989402144570334,0.003608333333333333,0.0007000000000000001,4.34,observed,,,,0.0057635672263887106,observed,,0.008798720414491479,observed
2003-12,1467.92,1111.92,1475.03,1622.9399,0.030661751799192505,0.05076545076545069,0.03081911763678158,0.05244249952612412,0.009227908896203795,0.005611242229537128,0.003616666666666667,0.0008,4.27,observed,,,,0.03081911763678158,observed,,0.05244249952612412,observed
2004-01,1493.08,1131.13,1500.44,1652.73,0.017139898632077877,0.017276422764227695,0.017226768269120063,0.01835563966355136,0.012422366722143256,0.008864033388809922,0.003558333333333333,0.0007000000000000001,4.16,observed,,,,0.017226768269120063,observed,,0.01835563966355136,observed
2004-02,1470.38,1144.94,1478.07,1675.7,-0.015203472017574327,0.012209029908144986,-0.014908960038388819,0.01389821688963111,0.017277446279699342,0.013810779613032675,0.0034666666666666665,0.0006,3.99,observed,,,,-0.014908960038388819,observed,,0.01389821688963111,observed
2004-03,1438.41,1126.21,1445.96,1650.42,-0.021742678763312928,-0.016358935839432598,-0.021724275575581653,-0.015086232619203943,0.013952254184925494,0.010627254184925494,0.0033250000000000003,0.0009,3.86,observed,,,,-0.021724275575581653,observed,,-0.015086232619203943,observed
2004-04,1401.36,1107.3,1408.91,1624.51,-0.025757607358124712,-0.01679082941902499,-0.025623115438877964,-0.01569903418523777,-0.04983183888704288,-0.053048505553709546,0.0032166666666666663,0.0008,4.53,observed,,,,-0.025623115438877964,observed,,-0.01569903418523777,observed
2004-05,1466.22,1120.68,1474.61,1646.8,0.046283610207227266,0.012083446220536587,0.04663179337218115,0.013721060504398253,-0.006454901884455272,-0.010229901884455272,0.003775,0.0006,4.66,observed,,,,0.04663179337218115,observed,,0.013721060504398253,observed
2004-06,1516.64,1140.84,1525.39,1678.83,0.03438774535881395,0.017989078059749364,0.03443622381511058,0.019449842118047123,0.007036950224780998,0.0031536168914476637,0.0038833333333333337,0.0008,4.62,observed,,,,0.03443622381511058,observed,,0.019449842118047123,observed
2004-07,1400.39,1101.72,1408.71,1623.26,-0.07664969933537291,-0.03429052277269373,-0.07649191354342177,-0.03310043303967636,0.01336473840915673,0.009514738409156731,0.0038499999999999997,0.001,4.5,observed,,,,-0.07649191354342177,observed,,-0.03310043303967636,observed
2004-08,1368.68,1104.24,1377.7,1629.83,-0.022643692114339586,0.0022873325345822426,-0.02201304739797405,0.0040474107659893566,0.03360812564024704,0.029858125640247035,0.00375,0.0011,4.13,observed,,,,-0.02201304739797405,observed,,0.0040474107659893566,observed
2004-09,1412.74,1114.58,1422.07,1647.48,0.03219160066633542,0.009363906397160005,0.032205850330260466,0.010829350300338048,0.0026350756140109855,-0.0008065910526556808,0.0034416666666666662,0.0011,4.14,observed,,,,0.032205850330260466,observed,,0.010829350300338048,observed
2004-10,1486.72,1130.2,1496.68,1672.65,0.05236632359811422,0.014014247519245071,0.052465771727130184,0.01527787894238486,0.01074061635261763,0.007290616352617629,0.00345,0.0011,4.05,observed,,,,0.052465771727130184,observed,,0.01527787894238486,observed
2004-11,1571.5,1173.82,1582.85,1740.33,0.0570248600947052,0.03859493894885846,0.057574097335435725,0.04046273876782336,-0.021368608102594683,-0.024743608102594683,0.003375,0.0015,4.36,observed,,,,0.057574097335435725,observed,,0.04046273876782336,observed
2004-12,1621.12,1211.92,1633.53,1799.55,0.03157492841234477,0.03245812816275073,0.03201819502795589,0.03402802916688219,0.013266362893741458,0.009633029560408124,0.0036333333333333335,0.0016,4.24,observed,,,,0.03201819502795589,observed,,0.03402802916688219,observed
2005-01,1519.63,1181.27,1531.39,1755.6801,-0.0626048657718119,-0.025290448214403627,-0.06252716509644751,-0.02437826123197462,0.011599243859889918,0.008065910526556586,0.003533333333333333,0.0016,4.14,observed,,,,-0.06252716509644751,observed,,-0.02437826123197462,observed
2005-02,1511.02,1203.6,1523.98,1792.63,-0.005665852872080768,0.018903383646414307,-0.0048387412742672,0.02104591833102165,-0.014109979943776893,-0.017559979943776893,0.00345,0.0016,4.36,observed,,,,-0.0048387412742672,observed,,0.02104591833102165,observed
2005-03,1482.53,1180.59,1495.38,1760.89,-0.018854813304919893,-0.019117647058823573,-0.018766650480977365,-0.017705828865967832,-0.007467194810683074,-0.011100528144016408,0.0036333333333333335,0.0021,4.5,observed,,,,-0.018766650480977365,observed,,-0.017705828865967832,observed
2005-04,1420.79,1156.85,1433.32,1727.49,-0.04164502573303741,-0.02010858977291019,-0.04150115689657485,-0.018967681115799495,0.027063136672359347,0.023313136672359347,0.00375,0.0021,4.21,observed,,,,-0.04150115689657485,observed,,-0.018967681115799495,observed
2005-05,1542.63,1191.5,1557.39,1782.46,0.08575510807367737,0.029952024895189666,0.08656127033739858,0.031820734128706896,0.02056053795066914,0.01705220461733581,0.0035083333333333334,0.0024,4.0,observed,,,,0.08656127033739858,observed,,0.031820734128706896,observed
2005-06,1493.52,1191.33,1507.9,1784.99,-0.03183524241068836,-0.00014267729752415192,-0.031777525218474545,0.0014193866903045027,0.008219422075641448,0.0048860887423081145,0.0033333333333333335,0.0023,3.94,observed,,,,-0.031777525218474545,observed,,0.0014193866903045027,observed
2005-07,1605.14,1234.18,1620.78,1851.37,0.07473619369007456,0.03596820360437514,0.07485907553551296,0.03718788340550927,-0.0239582967787568,-0.02724163011209013,0.003283333333333333,0.0024,4.28,observed,,,,0.07485907553551296,observed,,0.03718788340550927,observed
2005-08,1581.71,1220.33,1598.34,1834.48,-0.014596857594976198,-0.01122202596055688,-0.013845185651353065,-0.009122973797782152,0.02465870998315606,0.021092043316489395,0.003566666666666667,0.003,4.02,observed,,,,-0.013845185651353065,observed,,-0.009122973797782152,observed
2005-09,1601.66,1228.81,1618.53,1849.33,0.012612931574055963,0.006948940040808704,0.012631855550133242,0.008094936984867518,-0.02221608686262496,-0.02556608686262496,0.0033499999999999992,0.0029,4.34,observed,,,,0.012631855550133242,observed,,0.008094936984867518,observed
2005-10,1579.18,1207.01,1595.96,1818.5,-0.014035438232833486,-0.017740741042146402,-0.013944752336997102,-0.016670902434935853,-0.014559562557289341,-0.01817622922395601,0.003616666666666667,0.0027,4.57,observed,,,,-0.013944752336997102,observed,,-0.016670902434935853,observed
2005-11,1672.56,1249.48,1691.42,1887.28,0.05913195455869502,0.03518612107604735,0.05981352916113192,0.037822381083310486,0.010154499403552873,0.006346166070219539,0.0038083333333333337,0.0031,4.49,observed,,,,0.05981352916113192,observed,,0.037822381083310486,observed
2005-12,1645.2,1248.29,1664.48,1887.9399,-0.0163581575548859,-0.0009523961968179728,-0.015927445578271526,0.00034965664872199653,0.011712105669383546,0.007970439002716878,0.003741666666666667,0.0032,4.39,observed,,,,-0.015927445578271526,observed,,0.00034965664872199653,observed
2006-01,1710.75,1280.08,1731.0,1937.9301,0.03984318016046684,0.02546683863525301,0.03996443333653743,0.026478703056172392,-0.007426429021173173,-0.011084762354506505,0.003658333333333333,0.0034999999999999996,4.53,observed,,,,0.03996443333653743,observed,,0.026478703056172392,observed
2006-02,1670.57,1280.66,1691.63,1943.1899,-0.023486774806371513,0.0004530966814575432,-0.022744078567302095,0.002714132981370243,0.0021929614517304514,-0.0015820385482695487,0.003775,0.0034000000000000002,4.55,observed,,,,-0.022744078567302095,observed,,0.002714132981370243,observed
2006-03,1703.66,1294.83,1725.36,1967.38,0.019807610576030976,0.011064607311854768,0.019939348439079296,0.012448654657992941,-0.020373852471700732,-0.024165519138367397,0.0037916666666666667,0.0037,4.86,observed,,,,0.019939348439079296,observed,,0.012448654657992941,observed
2006-04,1700.71,1310.61,1722.59,1993.79,-0.0017315661575666441,0.012186928013716125,-0.0016054620484999838,0.013423944535371879,-0.012159665723624365,-0.016209665723624367,0.004050000000000001,0.0036,5.07,observed,,,,-0.0016054620484999838,observed,,0.013423944535371879,observed
2006-05,1579.582487,1270.09,1601.24,1936.41,-0.07122173268811272,-0.03091690129023883,-0.07044624664023358,-0.028779359912528335,0.000374575481232175,-0.0038504245187678254,0.0042250000000000005,0.0043,5.12,observed,,,,-0.07044624664023358,observed,,-0.028779359912528335,observed
2006-06,1575.226957,1270.2,1596.95,1939.03,-0.0027573931946232033,8.660803565119224e-05,-0.0026791736404286892,0.0013530192469568547,0.0019596502189194436,-0.0023070164477472233,0.004266666666666667,0.004,5.15,observed,,,,-0.0026791736404286892,observed,,0.0013530192469568547,observed
2006-07,1509.433386,1276.66,1530.51,1951.0,-0.04176767716399621,0.005085813257754701,-0.04160430821253014,0.006173189687627367,0.01668827397440839,0.012396607307741725,0.004291666666666667,0.004,4.99,observed,,,,-0.04160430821253014,observed,,0.006173189687627367,observed
2006-08,1579.73,1303.82,1603.28,1997.42,0.046571524554843924,0.021274262528785837,0.047546242755682755,0.023792926704254258,0.023757091963351032,0.0195987586300177,0.004158333333333333,0.0042,4.74,observed,,,,0.047546242755682755,observed,,0.023792926704254258,observed
2006-09,1654.13,1335.85,1678.86,2048.8899,0.04709665575762956,0.02456627448574178,0.047140861234469256,0.025768190966346527,0.011826593664055687,0.007876593664055687,0.00395,0.0040999999999999995,4.64,observed,,,,0.047140861234469256,observed,,0.025768190966346527,observed
2006-10,1732.54,1377.94,1758.64,2115.6499,0.04740256207190474,0.031508028596025195,0.047520341183898696,0.0325834980200741,0.006232997768579088,0.0023663311019124222,0.0038666666666666663,0.0040999999999999995,4.61,observed,,,,0.047520341183898696,observed,,0.0325834980200741,observed
2006-11,1791.25,1400.63,1819.51,2155.8899,0.03388666351137637,0.01646660957661439,0.03461197288814066,0.019020160188129465,0.015757666396663796,0.011915999729997129,0.003841666666666667,0.0042,4.46,observed,,,,0.03461197288814066,observed,,0.019020160188129465,observed
2006-12,1756.9,1418.3,1785.66,2186.1299,-0.01917655268667129,0.012615751483260995,-0.018603909843858957,0.014026690324028035,-0.01590984301882451,-0.019626509685491178,0.0037166666666666667,0.004,4.71,observed,,,,-0.018603909843858957,observed,,0.014026690324028035,observed
2007-01,1792.28,1438.24,1821.83,2219.1899,0.02013774261483281,0.014059084819854739,0.02025581577679958,0.015122614625965314,-0.005442606189430555,-0.009367606189430555,0.0039250000000000005,0.0044,4.83,observed,,,,0.02025581577679958,observed,,0.015122614625965314,observed
2007-02,1761.65,1406.82,1792.21,2175.78,-0.01708996362175541,-0.021846145288686225,-0.016258377565414928,-0.019561147065422224,0.02537241302061105,0.02134741302061105,0.004025,0.0038,4.56,observed,,,,-0.016258377565414928,observed,,-0.019561147065422224,observed
2007-03,1772.36,1420.86,1803.36,2200.1201,0.006079527715493915,0.009979954791657697,0.006221369147588751,0.011186838742887506,-0.003285585885766577,-0.0070855858857665766,0.0037999999999999996,0.0043,4.65,observed,,,,0.006221369147588751,observed,,0.011186838742887506,observed
2007-04,1867.75,1482.37,1900.74,2297.5801,0.05382089417499847,0.0432906831074138,0.05399920149055104,0.04429758175474152,0.005451063334152833,0.001576063334152833,0.0038750000000000004,0.0044,4.63,observed,,,,0.05399920149055104,observed,,0.04429758175474152,observed
2007-05,1928.19,1530.62,1963.78,2377.75,0.03235979119261145,0.03254922860014697,0.033166030072498076,0.03489319044850703,-0.017149513862633824,-0.021007847195967155,0.0038583333333333334,0.0040999999999999995,4.9,observed,,,,0.033166030072498076,observed,,0.03489319044850703,observed
2007-06,1934.1,1503.35,1969.94,2338.25,0.0030650506433493874,-0.017816309730697366,0.0031368075853710486,-0.01661234360214492,-0.005970040191901498,-0.010053373525234832,0.004083333333333334,0.004,5.03,observed,,,,0.0031368075853710486,observed,,-0.01661234360214492,observed
2007-07,1932.06,1455.27,1968.06,2265.75,-0.0010547541492166301,-0.0319819070742009,-0.0009543437871204485,-0.031006094301293752,0.02375351235596031,0.019561845689293644,0.004191666666666667,0.004,4.78,observed,,,,-0.0009543437871204485,observed,,-0.031006094301293752,observed
2007-08,1988.73,1473.99,2027.68,2299.71,0.029331387223999306,0.012863592323073991,0.03029379185593939,0.01498841443230714,0.022976786414231502,0.01899345308089817,0.0039833333333333335,0.0042,4.54,observed,,,,0.03029379185593939,observed,,0.01498841443230714,observed
2007-09,2091.11,1526.75,2132.17,2385.72,0.05148009030889056,0.03579400131615551,0.05153179988952883,0.03740036787247081,-0.00016428378164326475,-0.003947617114976598,0.0037833333333333334,0.0032,4.59,observed,,,,0.05153179988952883,observed,,0.03740036787247081,observed
2007-10,2238.98,1549.38,2283.14,2423.6699,0.0707136401241446,0.014822335025380884,0.0708057987871511,0.015907105611723038,0.012555115989986631,0.008730115989986631,0.003825,0.0032,4.48,observed,,,,0.0708057987871511,observed,,0.015907105611723038,observed
2007-11,2089.1,1481.14,2132.44,2322.3401,-0.06694119643766361,-0.04404342382114135,-0.06600558879437957,-0.04180841623688114,0.04520539714390056,0.04147206381056723,0.0037333333333333337,0.0034000000000000002,3.97,observed,,,,-0.06600558879437957,observed,,-0.04180841623688114,observed
2007-12,2084.93,1468.36,2129.17,2306.23,-0.0019960748647743776,-0.008628488866683881,-0.0015334546341280175,-0.0069370115083488,-0.002364860064264975,-0.005673193397598308,0.0033083333333333333,0.0027,4.04,observed,,,,-0.0015334546341280175,observed,,-0.0069370115083488,observed
2008-01,1841.42,1378.55,1880.67,2167.8999,-0.11679528809120676,-0.061163474897164116,-0.11671214604752089,-0.05998105132619047,0.033891363612189286,0.030524696945522622,0.0033666666666666667,0.0021,3.67,observed,,,,-0.11671214604752089,observed,,-0.05998105132619047,observed
2008-02,1745.27,1330.63,1784.2,2097.48,-0.052215138317168286,-0.034761162090602316,-0.05129554892671229,-0.03248300348184885,0.01468658922697447,0.011628255893641137,0.003058333333333333,0.0013,3.53,observed,,,,-0.05129554892671229,observed,,-0.03248300348184885,observed
2008-03,1781.93,1322.7,1822.09,2088.4199,0.021005345877715298,-0.0059595830546433914,0.021236408474386126,-0.004319516753437558,0.009612170995016147,0.00667050432834948,0.0029416666666666666,0.0017000000000000001,3.45,observed,,,,0.021236408474386126,observed,,-0.004319516753437558,observed
2008-04,1917.7,1385.59,1961.08,2190.1299,0.07619266750096809,0.04754668481137059,0.07628053499003884,0.048701891798675234,-0.023397847219353635,-0.026272847219353634,0.0028750000000000004,0.0018,3.77,observed,,,,0.07628053499003884,observed,,0.048701891798675234,observed
2008-05,2032.57,1400.38,2080.4,2218.5,0.05989988006466063,0.010674153248796614,0.0608440247210722,0.012953615217069947,-0.020339083352396245,-0.023480750019062913,0.0031416666666666663,0.0018,4.06,observed,,,,0.0608440247210722,observed,,0.012953615217069947,observed
2008-06,1837.09,1280.0,1880.46,2031.47,-0.09617380951209553,-0.08596238163926939,-0.09610651797731207,-0.08430471038990306,0.009070124938699782,0.005686791605366448,0.0033833333333333332,0.0017000000000000001,3.99,observed,,,,-0.09610651797731207,observed,,-0.08430471038990306,observed
2008-07,1849.15,1267.38,1893.07,2014.39,0.0065647300894349225,-0.009859374999999893,0.0067058060261850905,-0.008407704765514556,0.0033250000000000003,0.0,0.0033250000000000003,0.0015,3.99,observed,,,,0.0067058060261850905,observed,,-0.008407704765514556,observed
2008-08,1872.54,1282.83,1918.71,2043.53,0.012649054971202833,0.012190503242910378,0.013544137300786518,0.01446591772199013,0.01642356691146827,0.013098566911468268,0.0033250000000000003,0.0013,3.83,observed,,,,0.013544137300786518,observed,,0.01446591772199013,observed
2008-09,1594.63,1166.36,1634.07,1861.4399,-0.14841338502782309,-0.09079145327128302,-0.14834967243616815,-0.08910566519698748,0.0015559188012928735,-0.0016357478653737934,0.003191666666666667,0.0015,3.85,observed,,,,-0.14834967243616815,observed,,-0.08910566519698748,observed
2008-10,1334.78,968.75,1368.05,1548.8101,-0.16295316154844708,-0.16942453444905514,-0.162795963453218,-0.16795052045462233,-0.009777601950677152,-0.012985935284010486,0.0032083333333333334,0.0008,4.01,observed,,,,-0.162795963453218,observed,,-0.16795052045462233,observed
2008-11,1185.75,896.24,1216.88,1437.6801,-0.11165135827627026,-0.0748490322580645,-0.11050034720953172,-0.07175185647355986,0.09570420298191804,0.09236253631525138,0.0033416666666666664,0.0003,2.93,observed,,,,-0.11050034720953172,observed,,-0.07175185647355986,observed
2008-12,1211.65,903.25,1244.0,1452.98,0.021842715580856042,0.007821565652057494,0.02228650318848202,0.01064207538241635,0.06258023934377042,0.06013857267710376,0.002441666666666667,0.0,2.25,observed,,,,0.02228650318848202,observed,,0.01064207538241635,observed
2009-01,1180.25,825.88,1211.97,1330.51,-0.025915074485206246,-0.0856573484638804,-0.02574758842443725,-0.08428884086498101,-0.051304125228299594,-0.053179125228299595,0.001875,0.0,2.87,observed,,,,-0.02574758842443725,observed,,-0.08428884086498101,observed
2009-02,1116.99,735.09,1148.86,1188.84,-0.05359881381063336,-0.1099312248752845,-0.052072246012690226,-0.10647796709532442,-0.010380079303563897,-0.012771745970230564,0.0023916666666666665,0.0001,3.02,observed,,,,-0.052072246012690226,observed,,-0.10647796709532442,observed
2009-03,1237.01,797.87,1272.73,1292.98,0.10744948477604988,0.08540450829150159,0.10781992583952804,0.08759799468389362,0.029316093562814005,0.026799426896147338,0.0025166666666666666,0.0002,2.71,observed,,,,0.10781992583952804,observed,,0.08759799468389362,observed
2009-04,1394.33,872.81,1434.97,1416.73,0.12717762993023496,0.09392507551355478,0.12747401255568747,0.09570913703228201,-0.03579588675356152,-0.03805422008689485,0.002258333333333333,0.0001,3.16,observed,,,,0.12747401255568747,observed,,0.09570913703228201,observed
2009-05,1435.57,919.14,1479.32,1495.97,0.02957692942129908,0.053081426656431674,0.03090656947531989,0.055931617174761694,-0.023189837951429967,-0.025823171284763302,0.0026333333333333334,0.0,3.47,observed,,,,0.03090656947531989,observed,,0.055931617174761694,observed
2009-06,1477.25,919.32,1522.61,1498.9399,0.029033763592162032,0.00019583523728705643,0.029263445366790153,0.0019852670842330777,-0.0020918715734652015,-0.004983538240131868,0.002891666666666667,0.0001,3.53,observed,,,,0.029263445366790153,observed,,0.0019852670842330777,observed
2009-07,1603.36,987.48,1652.98,1612.3101,0.0853680825858858,0.07414175695078962,0.08562271362988572,0.07563358610975657,0.0037726583102535758,0.0008309916435869091,0.0029416666666666666,0.0001,3.52,observed,,,,0.08562271362988572,observed,,0.07563358610975657,observed
2009-08,1625.19,1020.62,1677.33,1670.52,0.01361515816784764,0.03356017337059991,0.014730970731648307,0.036103414597477235,0.012963374384141624,0.010030041050808292,0.0029333333333333334,0.0001,3.4,observed,,,,0.014730970731648307,observed,,0.036103414597477235,observed
2009-09,1718.99,1057.08,1774.55,1732.86,0.05771632855235387,0.03572338382551776,0.05796116446972266,0.037317721428058226,0.01038880851496491,0.007555475181631577,0.0028333333333333335,0.0001,3.31,observed,,,,0.05796116446972266,observed,,0.037317721428058226,observed
2009-10,1667.13,1036.19,1721.42,1700.67,-0.03016887823663894,-0.019761985847807084,-0.029939984784874918,-0.01857622658495195,-0.005595981146024305,-0.008354314479357638,0.002758333333333333,0.0,3.41,observed,,,,-0.029939984784874918,observed,,-0.01857622658495195,observed
2009-11,1767.43,1095.63,1826.95,1802.6801,0.060163274609658535,0.057363996950366314,0.061304039688164336,0.059982301093098656,0.019713496227867146,0.01687182956120048,0.0028416666666666664,0.0,3.21,observed,,,,0.061304039688164336,observed,,0.059982301093098656,observed
2009-12,1860.31,1115.1,1923.39,1837.5,0.05255087895984567,0.017770597738287375,0.05278743260625629,0.019315628990412614,-0.04966893169196117,-0.052343931691961165,0.002675,0.0001,3.85,observed,,,,0.05278743260625629,observed,,0.019315628990412614,observed
2010-01,1741.04,1073.87,1800.43,1771.4,-0.06411297041890862,-0.036974262397991176,-0.06392879239259852,-0.035972789115646164,0.02139321785034961,0.018184884517016275,0.0032083333333333334,0.0,3.63,observed,,,,-0.06392879239259852,observed,,-0.035972789115646164,observed
2010-02,1818.68,1104.49,1882.99,1826.27,0.044594035748747984,0.02851369346382726,0.045855712246518854,0.03097549960483237,0.004679768492147518,0.001654768492147518,0.003025,0.0,3.61,observed,,,,0.045855712246518854,observed,,0.03097549960483237,observed
2010-03,1958.34,1169.43,2028.01,1936.48,0.0767919590032331,0.05879636755425577,0.07701580996181612,0.06034704616513431,-0.015811808729688293,-0.018820142063021628,0.0030083333333333333,0.0001,3.84,observed,,,,0.07701580996181612,observed,,0.06034704616513431,observed
2010-04,2000.63,1186.69,2072.62,1967.05,0.021594820102740275,0.014759327193589966,0.02199693295397953,0.015786375278856513,0.015562948120502981,0.012362948120502981,0.0031999999999999997,0.0001,3.69,observed,,,,0.02199693295397953,observed,,0.015786375278856513,observed
2010-05,1852.39,1089.41,1921.24,1809.98,-0.0740966595522411,-0.08197591620389488,-0.07303799056266946,-0.07985053760707661,0.03497589521133288,0.03190089521133288,0.003075,0.0001,3.31,observed,,,,-0.07303799056266946,observed,,-0.07985053760707661,observed
2010-06,1739.14,1030.71,1804.66,1715.23,-0.06113723351993905,-0.053882376699314394,-0.060679561116778746,-0.05234864473640588,0.03177852692511976,0.029020193591786425,0.002758333333333333,0.0001,2.97,observed,,,,-0.060679561116778746,observed,,-0.05234864473640588,observed
2010-07,1864.0,1101.6,1934.65,1835.4,0.07179410513242179,0.06877783275606131,0.07203018851196341,0.07006057496662255,0.0050393695167492095,0.0025643695167492098,0.002475,0.0001,2.94,observed,,,,0.07203018851196341,observed,,0.07006057496662255,observed
2010-08,1767.43,1049.33,1836.58,1752.55,-0.051807939914163104,-0.0474491648511256,-0.050691339518776135,-0.04514002397297601,0.04356542082587083,0.04111542082587083,0.00245,0.0001,2.47,observed,,,,-0.050691339518776135,observed,,-0.04514002397297601,observed
2010-09,1998.04,1141.2,2076.64,1908.95,0.13047758609959081,0.08755110403781474,0.13071034204880805,0.08924139111580276,-0.0031748979731656642,-0.005233231306498998,0.0020583333333333335,0.0001,2.53,observed,,,,0.13071034204880805,observed,,0.08924139111580276,observed
2010-10,2124.45,1183.26,2208.62,1981.59,0.06326700166162835,0.0368559411146161,0.06355458818090765,0.038052332434060476,-0.006570778526692456,-0.00867911186002579,0.002108333333333333,0.0001,2.63,observed,,,,0.06355458818090765,observed,,0.038052332434060476,observed
2010-11,2117.33,1180.55,2205.19,1981.84,-0.0033514556708794663,-0.0022902827780877377,-0.0015530059494163195,0.00012616131490372773,-0.013292970185474965,-0.015484636852141631,0.002191666666666667,0.0001,2.81,observed,,,,-0.0015530059494163195,observed,,0.00012616131490372773,observed
2010-12,2217.86,1257.64,2310.84,2114.29,0.047479608752532876,0.06530007200033894,0.04790970392573879,0.06683183304403983,-0.03881369706234885,-0.041155363729015515,0.002341666666666667,0.0001,3.3,observed,,,,0.04790970392573879,observed,,0.06683183304403983,observed
2011-01,2281.91,1286.12,2377.99,2164.3999,0.028879189849674747,0.02264559015298473,0.02905869727025645,0.023700580336661448,-0.007270317084411533,-0.010020317084411534,0.0027500000000000003,0.0001,3.42,observed,,,,0.02905869727025645,observed,,0.023700580336661448,observed
2011-02,2350.99,1327.22,2452.43,2238.55,0.030272885433693775,0.031956582589494076,0.031303748123415076,0.03425896480590307,0.00285,0.0,0.00285,0.0001,3.42,observed,,,,0.031303748123415076,observed,,0.03425896480590307,observed
2011-03,2338.99,1325.83,2440.7,2239.4399,-0.005104232684953969,-0.0010473018791158362,-0.004783011135893744,0.00039753411806731087,-0.0013150276265747798,-0.00416502762657478,0.00285,0.0001,3.47,observed,,,,-0.004783011135893744,observed,,0.00039753411806731087,observed
2011-04,2404.08,1363.61,2509.3,2305.76,0.02782825065519745,0.028495357625034856,0.028106690703486814,0.02961459247019782,0.015478007471550523,0.012586340804883855,0.002891666666666667,0.0,3.32,observed,,,,0.028106690703486814,observed,,0.02961459247019782,observed
2011-05,2372.54,1345.2,2480.0,2279.6599,-0.013119363748294588,-0.01350092768460176,-0.011676563184952027,-0.011319521546041211,0.025722120796069253,0.022955454129402586,0.002766666666666667,0.0,3.05,observed,,,,-0.011676563184952027,observed,,-0.011319521546041211,observed
2011-06,2325.07,1320.64,2431.68,2241.6599,-0.020008092592748605,-0.018257508177222714,-0.019483870967741956,-0.016669153148678006,-0.008441062625160976,-0.010982729291827642,0.0025416666666666665,0.0,3.18,observed,,,,-0.019483870967741956,observed,,-0.016669153148678006,observed
2011-07,2362.81,1292.28,2472.19,2196.0801,0.016231769366083615,-0.02147443663678228,0.01665926437689169,-0.020333057659638776,0.03360406841344772,0.030954068413447722,0.00265,0.0,2.82,observed,,,,0.01665926437689169,observed,,-0.020333057659638776,observed
2011-08,2241.01,1218.89,2348.88,2076.78,-0.05154879148132929,-0.05679109790447878,-0.04987885235358125,-0.054324111401947484,0.05458095505061992,0.05223095505061992,0.00235,0.0001,2.23,observed,,,,-0.04987885235358125,observed,,-0.054324111401947484,observed
2011-09,2139.18,1131.42,2242.64,1930.79,-0.04543933315781745,-0.07176201297902196,-0.04523006709580746,-0.07029632411714304,0.02972936300099897,0.027871029667665637,0.0018583333333333334,0.0,1.92,observed,,,,-0.04523006709580746,observed,,-0.07029632411714304,observed
2011-10,2360.08,1253.3,2475.44,2141.8101,0.10326386746323357,0.10772303830584562,0.10380622837370246,0.10929210323235572,-0.020597921284770605,-0.022197921284770605,0.0015999999999999999,0.0,2.17,observed,,,,0.10380622837370246,observed,,0.10929210323235572,observed
2011-11,2295.2,1246.96,2412.78,2137.0801,-0.027490593539202135,-0.0050586451767333784,-0.025312671686649635,-0.0022084124078040057,0.009835501921642875,0.008027168588309541,0.0018083333333333335,0.0,2.08,observed,,,,-0.025312671686649635,observed,,-0.0022084124078040057,observed
2011-12,2277.83,1257.6,2395.4,2158.9399,-0.0075679679330776795,0.0085327516520175,-0.007203309045996753,0.010228816411701036,0.01884124949713836,0.017107916163805026,0.0017333333333333333,0.0,1.89,observed,,,,-0.007203309045996753,observed,,0.010228816411701036,observed
2012-01,2467.95,1312.41,2596.21,2255.6899,0.08346540347611531,0.04358301526717567,0.08383151039492365,0.044813660630386165,0.006993765762217115,0.005418765762217115,0.001575,0.0,1.83,observed,,,,0.08383151039492365,observed,,0.044813660630386165,observed
2012-02,2623.1,1365.68,2764.26,2353.23,0.06286594136834212,0.04058944994323421,0.06472897030671643,0.043241803760348585,-0.011920576332523856,-0.013445576332523856,0.001525,0.0,1.98,observed,,,,0.06472897030671643,observed,,0.043241803760348585,observed
2012-03,2755.27,1408.47,2904.28,2430.6699,0.05038694674240407,0.03133237654501775,0.05065370117138035,0.03290791805305893,-0.020481760614669484,-0.022131760614669482,0.0016499999999999998,0.0,2.23,observed,,,,0.05065370117138035,observed,,0.03290791805305893,observed
2012-04,2723.68,1397.91,2872.4,2415.4199,-0.011465301041277298,-0.007497497284287169,-0.010976903053424691,-0.006273990557088771,0.02699441439190235,0.025136081058569015,0.0018583333333333334,0.0,1.95,observed,,,,-0.010976903053424691,observed,,-0.006273990557088771,observed
2012-05,2524.87,1310.33,2667.41,2270.25,-0.0729931563179228,-0.06265067135938662,-0.0713654087174489,-0.06010130992131013,0.03453216866183319,0.032907168661833186,0.001625,0.0001,1.59,observed,,,,-0.0713654087174489,observed,,-0.06010130992131013,observed
2012-06,2615.72,1362.16,2765.21,2363.79,0.035982050561018886,0.039554921279372435,0.03666477969266069,0.04120251073670289,-0.00595830980307812,-0.00728330980307812,0.001325,0.0,1.67,observed,,,,0.03666477969266069,observed,,0.04120251073670289,observed
2012-07,2642.53287032437,1379.32,2794.68815136539,2396.6201,0.010250665332822262,0.012597639043871345,0.010660366252613684,0.013888754923237823,0.016076199923330523,0.014684533256663856,0.0013916666666666667,0.0,1.51,observed,,,,0.010660366252613684,observed,,0.013888754923237823,observed
2012-08,2772.23603338879,1406.58,2938.35724484675,2450.6001,0.04908289486991291,0.019763361656468303,0.05140791591046323,0.022523386163706194,-0.004231725886818,-0.005490059220151333,0.0012583333333333333,0.0001,1.57,observed,,,,0.05140791591046323,observed,,0.022523386163706194,observed
2012-09,2799.19271081298,1440.67,2968.68363929891,2513.9299,0.00972380313202903,0.024236090375236552,0.010320867044109727,0.02584256811219432,-0.005982309354804727,-0.00729064268813806,0.0013083333333333334,0.0001,1.65,observed,,,,0.010320867044109727,observed,,0.02584256811219432,observed
2012-10,2647.91887649422,1412.16,2809.95163633277,2467.51,-0.05404195064327133,-0.01978940354140779,-0.053468817244408884,-0.01846507334989722,-0.004981895315694277,-0.006356895315694278,0.0013750000000000001,0.0001,1.72,observed,,,,-0.053468817244408884,observed,,-0.01846507334989722,observed
2012-11,2677.87870669705,1416.18,2850.04713077014,2481.8201,0.011314481900780882,0.0028467029231815655,0.014269104819789158,0.0057994091209354615,0.010560410365028907,0.009127077031695574,0.0014333333333333333,0.0001,1.62,observed,,,,0.014269104819789158,observed,,0.0057994091209354615,observed
2012-12,2660.93082508636,1426.19,2834.96688159891,2504.4399,-0.006328845876516054,0.007068310525498056,-0.005291227997045511,0.00911419808389824,-0.013136330085779153,-0.014486330085779153,0.0013500000000000003,0.0001,1.78,observed,,,,-0.005291227997045511,observed,,0.00911419808389824,observed
2013-01,2731.5333552555,1498.11,2910.51260772745,2634.1599,0.026533019762679633,0.050428063581991145,0.026647833743275617,0.05179601235390008,-0.019986641941083964,-0.021469975274417297,0.0014833333333333332,0.0,2.02,observed,,,,0.026647833743275617,observed,,0.05179601235390008,observed
2013-02,2738.58383380721,1514.68,2924.75555089947,2669.9199,0.0025811431290578835,0.011060603026480154,0.004893620159625911,0.013575485679513832,0.013388749655936913,0.011705416322603579,0.0016833333333333333,0.0,1.89,observed,,,,0.004893620159625911,observed,,0.013575485679513832,observed
2013-03,2818.68958675681,1569.19,3012.23515176632,2770.05,0.029250794502148292,0.035987799403174314,0.029910055505304234,0.0375030352034158,0.0033776380375910645,0.0018026380375910644,0.001575,0.0,1.87,observed,,,,0.029910055505304234,observed,,0.0375030352034158,observed
2013-04,2887.44229193787,1597.57,3087.3857727031,2823.4199,0.024391726390903035,0.01808576399288797,0.02494845759060782,0.019266764137831238,0.017012034670692795,0.01545370133735946,0.0015583333333333334,0.0,1.7,observed,,,,0.02494845759060782,observed,,0.019266764137831238,observed
2013-05,2981.7564461742,1630.74,3195.53511309032,2889.46,0.03266356335489995,0.020762783477406455,0.03502942241407436,0.02339010927846763,-0.03944784805416031,-0.04086451472082697,0.0014166666666666668,0.0,2.16,observed,,,,0.03502942241407436,observed,,0.02339010927846763,observed
2013-06,2909.59927573407,1606.28,3121.06219528715,2850.6599,-0.024199552090417242,-0.01499932545960736,-0.023305304172091867,-0.013428149204349538,-0.029614906292503764,-0.031414906292503764,0.0018000000000000002,0.0,2.52,observed,,,,-0.023305304172091867,observed,,-0.013428149204349538,observed
2013-07,3090.18526013764,1685.73,3317.22481677848,2995.72,0.062065586113403626,0.0494621112134872,0.06285123756506295,0.05088649824554636,-0.004853569792028103,-0.0069535697920281025,0.0021,0.0,2.6,observed,,,,0.06285123756506295,observed,,0.05088649824554636,observed
2013-08,3073.81242689218,1632.97,3307.75151883604,2908.96,-0.005298333875532912,-0.0312980133236046,-0.002855790145583237,-0.028961318147223247,-0.013340810158911847,-0.015507476825578514,0.002166666666666667,0.0,2.78,observed,,,,-0.002855790145583237,observed,,-0.028961318147223247,observed
2013-09,3218.19795020215,1681.55,3464.82267360304,3000.1799,0.046972782739366004,0.029749474883188354,0.04748577814039434,0.03135825174632867,0.014461434858236732,0.012144768191570066,0.0023166666666666665,0.0,2.64,observed,,,,0.04748577814039434,observed,,0.03135825174632867,observed
2013-10,3377.73117430111,1756.54,3638.48146508727,3138.0901,0.04957222227083302,0.04459575986441089,0.050120542331721474,0.045967310160300645,0.008293387841980214,0.0060933878419802134,0.0022,0.0,2.57,observed,,,,0.050120542331721474,observed,,0.045967310160300645,observed
2013-11,3487.82031415884,1805.81,3767.24073747978,3233.72,0.032592629246319005,0.02804946087194149,0.03538818972365476,0.030473917877628764,-0.01338869828165283,-0.015530364948319497,0.0021416666666666663,0.0,2.75,observed,,,,0.03538818972365476,observed,,0.030473917877628764,observed
2013-12,3591.99600517458,1848.36,3881.55262582561,3315.5901,0.029868422576942333,0.023562833299184183,0.030343664318703167,0.025317621810175384,-0.022376244391871494,-0.02466791105853816,0.0022916666666666667,0.0,3.04,observed,,,,0.030343664318703167,observed,,0.025317621810175384,observed
2014-01,3521.92194127666,1782.59,3807.4338457945,3200.95,-0.019508391378212142,-0.035582895107013734,-0.01909513722368894,-0.034576077422839524,0.03458280786080287,0.032049474527469535,0.002533333333333333,0.0,2.67,observed,,,,-0.01909513722368894,observed,,-0.034576077422839524,observed
2014-02,3696.09840901215,1859.45,4004.13929857162,3347.3799,0.04945494836048314,0.043117037568930705,0.0516635247633761,0.045745762976616255,0.0030916288566323565,0.0008666288566323566,0.002225,0.0,2.66,observed,,,,0.0516635247633761,observed,,0.045745762976616255,observed
2014-03,3595.73606418844,1872.34,3897.71533746775,3375.51,-0.0271535910891868,0.006932157358358504,-0.02657848620347303,0.00840361740834994,-0.0038288640856415147,-0.006045530752308181,0.0022166666666666667,0.0,2.73,observed,,,,-0.02657848620347303,observed,,0.00840361740834994,observed
2014-04,3582.01969251255,1883.95,3884.6556358952,3400.46,-0.0038146213823916364,0.0062007968638175814,-0.00335060424936906,0.007391475658492963,0.007472212085535696,0.005197212085535696,0.002275,0.0,2.67,observed,,,,-0.00335060424936906,observed,,0.007391475658492963,observed
2014-05,3736.82117562896,1923.57,4061.47826291049,3480.29,0.04321625686201269,0.021030282120013677,0.04551822441644604,0.023476235568129056,0.01883790836982654,0.01661290836982654,0.002225,0.0,2.48,observed,,,,0.04551822441644604,observed,,0.023476235568129056,observed
2014-06,3849.4784319515,1960.23,4186.87378218764,3552.1799,0.030147885335609637,0.019058313448431896,0.030874354400038273,0.02065629588338913,-0.0022943594220825535,-0.00436102608874922,0.0020666666666666667,0.0,2.53,observed,,,,0.030874354400038273,observed,,0.02065629588338913,observed
2014-07,3892.49592890648,1930.67,4235.8308338982,3503.1899,0.011174889719585135,-0.015079863077291922,0.011692984851570998,-0.013791531222841602,-0.002241938787424448,-0.004350272120757781,0.002108333333333333,0.0,2.58,observed,,,,0.011692984851570998,observed,,-0.013791531222841602,observed
2014-08,4082.55878891847,2003.37,4451.77881596717,3643.3301,0.048828017673838486,0.03765532172769026,0.05098125740546511,0.040003597863764284,0.02239025585077127,0.02024025585077127,0.00215,0.0,2.35,observed,,,,0.05098125740546511,observed,,0.040003597863764284,observed
2014-09,4049.44487830215,1972.29,4418.34996966926,3592.25,-0.008111067673098327,-0.015513859147336717,-0.007509098650187007,-0.014020167977642273,-0.01287648352701571,-0.014834816860349043,0.001958333333333333,0.0,2.52,observed,,,,-0.007509098650187007,observed,,-0.014020167977642273,observed
2014-10,4158.21065052662,2018.05,4538.27713208253,3679.99,0.026859427771757538,0.023201456175308888,0.027142974919718288,0.024424803396200012,0.01706018910709185,0.014960189107091848,0.0021,0.0,2.35,observed,,,,0.027142974919718288,observed,,0.024424803396200012,observed
2014-11,4337.78476696347,2067.56,4744.27820874923,3778.96,0.04318543035190103,0.024533584400783015,0.04539191210038984,0.026894094820909986,0.01704540833120976,0.015087074997876426,0.001958333333333333,0.0,2.18,observed,,,,0.04539191210038984,observed,,0.026894094820909986,observed
2014-12,4236.27877328347,2058.9,4634.70535473002,3769.4399,-0.023400421904993696,-0.004188512062527794,-0.023095790170386543,-0.002519238097254295,0.0027045835180575578,0.0008879168513908908,0.0018166666666666667,0.0,2.17,observed,,,,-0.023095790170386543,observed,,-0.002519238097254295,observed
2015-01,4148.4302166203,1994.99,4540.82793195526,3656.28,-0.020737199170459908,-0.031040847054252363,-0.02025531626923205,-0.0300203486464925,0.046396172898035916,0.04458783956470258,0.0018083333333333335,0.0,1.68,observed,,,,-0.02025531626923205,observed,,-0.0300203486464925,observed
2015-02,4440.67243458824,2104.5,4869.76890724445,3866.4199,0.07044645871035726,0.054892505726845675,0.0724407487397456,0.05747368910477313,-0.027255244633219336,-0.028655244633219334,0.0014,0.0,2.0,observed,,,,0.0724407487397456,observed,,0.05747368910477313,observed
2015-03,4333.68836723026,2067.89,4756.38206769135,3805.27,-0.024091861972228568,-0.017396056070325572,-0.023283823465302667,-0.015815638648042363,0.007055664421928138,0.005388997755261471,0.0016666666666666668,0.0,1.94,observed,,,,-0.023283823465302667,observed,,-0.015815638648042363,observed
2015-04,4414.2521618898,2085.51,4846.14145783777,3841.78,0.018590121816034033,0.008520762709815388,0.01887135828640174,0.009594588557447992,-0.008209012277041338,-0.009825678943708005,0.0016166666666666666,0.0,2.05,observed,,,,0.01887135828640174,observed,,0.009594588557447992,observed
2015-05,4508.25285391097,2107.39,4958.30337676677,3891.1799,0.021294817009485767,0.010491438545008114,0.023144582118542756,0.012858596796276656,-0.004522582306380341,-0.0062309156397136745,0.0017083333333333332,0.0,2.12,observed,,,,0.023144582118542756,observed,,0.012858596796276656,observed
2015-06,4396.76117465633,2063.11,4839.37591953651,3815.8501,-0.024730573654030863,-0.0210117728564716,-0.02398551443776542,-0.019359115213357203,-0.018473589184104605,-0.02024025585077127,0.0017666666666666666,0.0,2.35,observed,,,,-0.02398551443776542,observed,,-0.019359115213357203,observed
2015-07,4588.90707127864,2103.84,5053.31514654999,3895.8,0.04370169062851792,0.01974203993000856,0.04420801991219747,0.020952054694182154,0.015257216844629488,0.013298883511296156,0.001958333333333333,0.0,2.2,observed,,,,0.04420801991219747,observed,,0.020952054694182154,observed
2015-08,4274.58416960398,1972.18,4716.64260442049,3660.75,-0.06849624470322468,-0.06258080462392579,-0.06662409376137035,-0.06033420606807338,0.000947182014043293,-0.0008861513192900405,0.0018333333333333335,0.0,2.21,observed,,,,-0.06662409376137035,observed,,-0.06033420606807338,observed
2015-09,4181.05986460319,1920.03,4615.55399732353,3570.1699,-0.02187915860116374,-0.026442819620927094,-0.021432322856562935,-0.02474359079423616,0.01523363544103932,0.013391968774372653,0.0018416666666666666,0.0,2.06,observed,,,,-0.021432322856562935,observed,,-0.02474359079423616,observed
2015-10,4648.83065011318,2079.36,5134.465450036,3871.3301,0.11187851900187606,0.08298307838940033,0.11242668876008755,0.08435458491765346,-0.007166923490034815,-0.008883590156701482,0.0017166666666666667,0.0,2.16,observed,,,,0.11242668876008755,observed,,0.08435458491765346,observed
2015-11,4664.50969646298,2080.41,5162.98782855881,3882.8401,0.0033726860644875956,0.0005049630655584725,0.005555082374273157,0.002973138353662863,-0.0026307565964504244,-0.004430756596450425,0.0018000000000000002,0.0,2.21,observed,,,,0.005555082374273157,observed,,0.002973138353662863,observed
2015-12,4593.27047901359,2043.94,5086.63222715733,3821.6001,-0.015272605715325072,-0.017530198374358763,-0.014789033779844085,-0.015771960323578527,-0.0034594075379482305,-0.005301074204614897,0.0018416666666666666,0.0001,2.27,observed,,,,-0.014789033779844085,observed,,-0.015771960323578527,observed
2016-01,4279.16940332937,1940.24,4741.11396833815,3631.96,-0.06838288254944525,-0.05073534448173622,-0.06792672310265946,-0.04962321934207614,0.03153115432060542,0.029639487653938756,0.0018916666666666667,0.0001,1.94,observed,,,,-0.06792672310265946,observed,,-0.04962321934207614,observed
2016-02,4201.117820329,1932.23,4665.37692444041,3627.0601,-0.018239890886217802,-0.004128355255019978,-0.015974525059621603,-0.0013491062676901366,0.019760983638735196,0.01814431697206853,0.0016166666666666666,0.0002,1.74,observed,,,,-0.015974525059621603,observed,,-0.0013491062676901366,observed
2016-03,4483.65516650001,2059.74,4981.94126721996,3873.1101,0.06725289750357044,0.0659911087189411,0.06785396933764787,0.06783730989183212,-0.002171582521444733,-0.003621582521444733,0.00145,0.0002,1.78,observed,,,,0.06785396933764787,observed,,0.06783730989183212,observed
2016-04,4341.29912504397,2065.3,4826.40218645273,3888.1299,-0.03174999775175935,0.00269936982337593,-0.031220576964774982,0.0038779687672705343,-0.003032304801847633,-0.004515638135180966,0.0014833333333333332,0.0001,1.83,observed,,,,-0.031220576964774982,observed,,0.0038779687672705343,observed
2016-05,4523.8928337975,2096.96,5041.31987026781,3957.95,0.04205969307670809,0.01532949208347456,0.04452958446321231,0.017957244689792873,0.0006223250070802615,-0.0009026749929197386,0.001525,0.0001,1.84,observed,,,,0.04452958446321231,observed,,0.017957244689792873,observed
2016-06,4417.69853000143,2098.86,4925.19181934188,3968.21,-0.0234740980163598,0.0009060735540973308,-0.023035247497548927,0.0025922510390481435,0.03368819931651873,0.0321548659831854,0.0015333333333333334,0.0002,1.49,observed,,,,-0.023035247497548927,observed,,0.0025922510390481435,observed
2016-07,4730.23079884261,2173.6,5276.4028047307,4114.5098,0.07074549490389925,0.0356098072286859,0.07130909785271067,0.03686795809697574,0.004001977566698482,0.002760310900031815,0.0012416666666666667,0.0002,1.46,observed,,,,0.07130909785271067,observed,,0.03686795809697574,observed
2016-08,4771.05458529784,2170.95,5333.28698831131,4120.29,0.008630400543081063,-0.0012191755612808164,0.01078086448017368,0.0014048332075913272,-0.009757918691778089,-0.010974585358444755,0.0012166666666666667,0.0002,1.58,observed,,,,0.01078086448017368,observed,,0.0014048332075913272,observed
2016-09,4875.69695708434,2168.27,5452.5216161178,4121.0601,0.021932755099671075,-0.0012344825997834263,0.022356686986432672,0.00018690431984147438,-0.0005105885039130224,-0.0018272551705796891,0.0013166666666666667,0.0002,1.6,observed,,,,0.022356686986432672,observed,,0.00018690431984147438,observed
2016-10,4801.27071159282,2126.15,5371.54420865715,4045.8899,-0.015264739820094797,-0.01942562503747225,-0.014851368442314494,-0.01824050078764916,-0.02033086649674195,-0.02166419983007528,0.0013333333333333333,0.0002,1.84,observed,,,,-0.014851368442314494,observed,,-0.01824050078764916,observed
2016-11,4810.81383420883,2198.81,5394.74387450751,4195.73,0.001987624358061657,0.03417444676998316,0.004318993747267186,0.03703514027902721,-0.04506102831782549,-0.04659436165115882,0.0015333333333333334,0.0001,2.37,observed,,,,0.004318993747267186,observed,,0.03703514027902721,observed
2016-12,4863.61956953382,2238.83,5456.6406181668,4278.6602,0.010976466174911659,0.018200754044233047,0.011473527770572867,0.019765380517812403,-0.005030298254454506,-0.007005298254454506,0.001975,0.0003,2.45,observed,,,,0.011473527770572867,observed,,0.019765380517812403,observed
2017-01,5116.76760416182,2278.87,5742.89014440899,4359.8101,0.05204930834100252,0.017884341374735824,0.0524589296368867,0.01896619413712708,0.002041666666666667,0.0,0.002041666666666667,0.0004,2.45,observed,,,,0.0524589296368867,observed,,0.01896619413712708,observed
2017-02,5330.30509733761,2363.64,5993.80953988769,4532.9302,0.041732888748378105,0.037198260541408734,0.04369218096971328,0.03970817444548791,0.009957840385062148,0.00791617371839548,0.002041666666666667,0.0004,2.36,observed,,,,0.04369218096971328,observed,,0.03970817444548791,observed
2017-03,5436.23245595408,2362.72,6116.52183655181,4538.21,0.019872663324540074,-0.00038923017041514463,0.020473172503645998,0.0011647653431769989,-0.0015446648049284363,-0.0035113314715951027,0.0019666666666666665,0.0003,2.4,observed,,,,0.020473172503645998,observed,,0.0011647653431769989,observed
2017-04,5583.52963380939,2384.2,6285.19565242295,4584.8198,0.027095452420174082,0.00909121690255299,0.02757675364831691,0.010270525163004862,0.01170898720906943,0.00970898720906943,0.002,0.0005,2.29,observed,,,,0.02757675364831691,observed,,0.010270525163004862,observed
2017-05,5788.80157613024,2411.8,6529.02028380526,4649.3398,0.03676383144416162,0.011576210049492719,0.0387934831095218,0.014072526907164207,0.008997543887654101,0.007089210554320768,0.0019083333333333333,0.0006,2.21,observed,,,,0.0387934831095218,observed,,0.014072526907164207,observed
2017-06,5646.91767508938,2423.41,6372.50083751192,4678.3599,-0.02451006467831085,0.004813831992702466,-0.023972884060656896,0.006241767917242846,-0.006975926060866019,-0.008817592727532686,0.0018416666666666666,0.0006,2.31,observed,,,,-0.023972884060656896,observed,,0.006241767917242846,observed
2017-07,5880.32658866995,2470.3,6638.30214841615,4774.5601,0.04133386158792818,0.019348768883515444,0.04171067492680147,0.020562804499072218,0.0028071970821009103,0.0008821970821009106,0.0019249999999999998,0.0007000000000000001,2.3,observed,,,,0.04171067492680147,observed,,0.020562804499072218,observed
2017-08,5988.60397717656,2471.65,6773.28083870174,4789.1802,0.018413499126942234,0.0005464923288669432,0.020333315246549244,0.0030620831435339557,0.017939021168787418,0.01602235450212075,0.0019166666666666666,0.0009,2.12,observed,,,,0.020333315246549244,observed,,0.0030620831435339557,observed
2017-09,5979.29846688572,2519.36,6765.48120938114,4887.9702,-0.0015538697042424277,0.019302894827342154,-0.0011515290014307844,0.020627747521381634,-0.016731909537484296,-0.018498576204150963,0.0017666666666666666,0.0009,2.33,observed,,,,-0.0011515290014307844,observed,,0.020627747521381634,observed
2017-10,6248.55714948895,2575.26,7073.45485507788,5002.0298,0.04503181838043813,0.022188174774546043,0.045521321568331,0.023334757646435778,-0.00245184957396389,-0.004393516240630557,0.0019416666666666668,0.0009,2.38,observed,,,,0.045521321568331,observed,,0.023334757646435778,observed
2017-11,6365.56374173115,2647.58,7219.39653908675,5155.4399,0.018725377626060302,0.028082601368405458,0.020632305853214294,0.030669569381613915,-0.0015245215261173767,-0.0035078548594507097,0.001983333333333333,0.0008,2.42,observed,,,,0.020632305853214294,observed,,0.030669569381613915,observed
2017-12,6396.4221665775,2673.61,7256.86843717269,5212.7598,0.004847712802567683,0.009831619818853499,0.005190447412475985,0.01111833347140756,0.003772332402464218,0.0017556657357975514,0.0020166666666666666,0.0009,2.4,observed,,,,0.005190447412475985,observed,,0.01111833347140756,observed
2018-01,6949.98684252214,2823.81,7888.24041187837,5511.21,0.08654286123219301,0.056178724645703726,0.08700336518043095,0.05725377946630128,-0.025650313494928745,-0.027650313494928747,0.002,0.0011,2.72,observed,,,,0.08700336518043095,observed,,0.05725377946630128,observed
2018-02,6854.41735463393,2713.83,7792.3354959283,5308.0898,-0.013751031484475207,-0.038947379604151844,-0.012157960577070304,-0.03685582657891828,-0.010599250727276716,-0.012865917393943382,0.002266666666666667,0.0011,2.87,observed,,,,-0.012157960577070304,observed,,-0.03685582657891828,observed
2018-03,6581.12622060129,2640.87,7485.67765235305,5173.1899,-0.03987080445982494,-0.026884513768364315,-0.03935377830375586,-0.0254140199361359,0.013613559197891964,0.011221892531225297,0.0023916666666666665,0.0012,2.74,observed,,,,-0.03935377830375586,observed,,-0.0254140199361359,observed
2018-04,6605.56958973691,2648.05,7516.38930493846,5193.04,0.003714162031887902,0.002718801001185378,0.004102721759032146,0.00383711025183886,-0.015658463998833833,-0.017941797332167164,0.0022833333333333334,0.0014000000000000002,2.95,observed,,,,0.004102721759032146,observed,,0.00383711025183886,observed
2018-05,6967.72942725367,2705.27,7943.13351867454,5318.1001,0.05482643587306213,0.02160835331659139,0.056775161107700756,0.024082252399365345,0.012771291262284927,0.010312957928951594,0.0024583333333333336,0.0014000000000000002,2.83,observed,,,,0.056775161107700756,observed,,0.024082252399365345,observed
2018-06,7040.801687649,2718.37,8029.89195082103,5350.8301,0.010487241383041468,0.004842400204046138,0.010922444139018772,0.0061544535425348545,0.0006411935282838277,-0.0017171398050495057,0.0023583333333333334,0.0014000000000000002,2.85,observed,,,,0.010922444139018772,observed,,0.0061544535425348545,observed
2018-07,7231.98321694363,2816.29,8251.50985466718,5549.96,0.027153375109258082,0.03602158646541875,0.02759911406074278,0.037214767854430564,-0.007018483629065446,-0.009393483629065447,0.002375,0.0016,2.96,observed,,,,0.02759911406074278,observed,,0.037214767854430564,observed
2018-08,7654.5535572866,2901.52,8746.93357260588,5730.7998,0.05843076894218169,0.030263218631604083,0.06004037160041453,0.032583982587261806,0.011048153834385671,0.008581487167719004,0.002466666666666667,0.0016,2.86,observed,,,,0.06004037160041453,observed,,0.032583982587261806,observed
2018-09,7627.64991561425,2913.98,8721.54524267123,5763.4199,-0.003514723813871523,0.0042943009181395375,-0.00290254061310824,0.005692067623789709,-0.013770504757727746,-0.01615383809106108,0.0023833333333333332,0.0015,3.05,observed,,,,-0.00290254061310824,observed,,0.005692067623789709,observed
2018-10,6967.09572325325,2711.74,7969.75453900237,5369.4902,-0.08659996193700581,-0.06940335897981464,-0.0861992551492633,-0.06834999129596642,-0.005918951029967199,-0.008460617696633865,0.0025416666666666665,0.0019,3.15,observed,,,,-0.0861992551492633,observed,,-0.06834999129596642,observed
2018-11,6949.01387858331,2760.17,7962.59175180748,5478.9102,-0.002595320257993694,0.01785938179914015,-0.0008987462737825025,0.020378098464543193,0.014551127115806873,0.011926127115806873,0.002625,0.0018,3.01,observed,,,,-0.0008987462737825025,observed,,0.020378098464543193,observed
2018-12,6329.96459241818,2506.85,7259.55199960175,4984.2202,-0.08908447975230338,-0.09177695576721734,-0.08829282903347924,-0.09028985362819064,0.030199508665212482,0.027691175331879148,0.0025083333333333333,0.0019,2.69,observed,,,,-0.08829282903347924,observed,,-0.09028985362819064,observed
2019-01,6906.83933784196,2704.1,7924.35378338955,5383.6299,0.09113396086207826,0.07868440473103688,0.09157614461942964,0.08013484235708535,0.007449133782682273,0.005207467116015607,0.0022416666666666665,0.0021,2.63,observed,,,,0.09157614461942964,observed,,0.08013484235708535,observed
2019-02,7097.52549972555,2784.49,8156.98177106265,5556.4902,0.02760831004694686,0.02972893014311606,0.029356083036160996,0.03210850359531592,-0.006444805836630799,-0.008636472503297465,0.002191666666666667,0.0018,2.73,observed,,,,0.029356083036160996,observed,,0.03210850359531592,observed
2019-03,7378.77147433778,2834.4,8485.66310293622,5664.46,0.039625919571984136,0.01792428775107835,0.04029447914663553,0.019431294956661738,0.03035174041952235,0.02807674041952235,0.002275,0.0019,2.41,observed,,,,0.04029447914663553,observed,,0.019431294956661738,observed
2019-04,7781.45569623475,2945.83,8952.14365212161,5893.8101,0.05457334236430045,0.03931343494213935,0.054972786867295786,0.04048931407406875,-0.006722343244583041,-0.008730676577916374,0.0020083333333333333,0.0021,2.51,observed,,,,0.054972786867295786,observed,,0.04048931407406875,observed
2019-05,7127.95613487452,2752.06,8213.94940349795,5519.27,-0.08398165932840063,-0.06577772648116154,-0.08246005396134481,-0.06354804339556164,0.03499370515872375,0.032902038492057084,0.0020916666666666666,0.0021,2.14,observed,,,,-0.08246005396134481,observed,,-0.06354804339556164,observed
2019-06,7671.07487102241,2941.76,8846.01081383804,5908.25,0.07619557778850594,0.06893018320821498,0.07694975696720552,0.07047671159410562,0.014320002860366806,0.012536669527033473,0.0017833333333333336,0.0018,2.0,observed,,,,0.07694975696720552,observed,,0.07047671159410562,observed
2019-07,7848.77977893122,2980.38,9055.05290523851,5993.1699,0.023165581212105435,0.013128195366039375,0.023631227205087812,0.014373105403461262,-0.00012249793953470985,-0.0017891646062013766,0.0016666666666666668,0.0019,2.02,observed,,,,0.023631227205087812,observed,,0.014373105403461262,observed
2019-08,7690.99781114365,2926.46,8886.50000636988,5898.23,-0.020102738544290677,-0.01809165274226776,-0.018614236783875526,-0.01584134966706019,0.04943216314539119,0.04774882981205786,0.0016833333333333333,0.0016,1.5,observed,,,,-0.018614236783875526,observed,,-0.01584134966706019,observed
2019-09,7749.44866017719,2976.74,8960.02567684938,6008.5898,0.007599904520691592,0.017181167690656807,0.008273861523298898,0.018710664046671655,-0.015129206370707112,-0.01637920637070711,0.00125,0.0018,1.68,observed,,,,0.008273861523298898,observed,,0.018710664046671655,observed
2019-10,8083.8323796224,3037.56,9351.56798385028,6138.73,0.0431493560520686,0.020431747482144935,0.0436987929635686,0.0216590255503879,0.000490501580506829,-0.000909498419493171,0.0014,0.0015,1.69,observed,,,,0.0436987929635686,observed,,0.0216590255503879,observed
2019-11,8403.68486887137,3140.98,9735.22980898752,6361.5601,0.039566937342151,0.03404706409091518,0.041026470191930065,0.0362990553420659,-0.006740227339917426,-0.00814856067325076,0.0014083333333333333,0.0012,1.78,observed,,,,0.041026470191930065,observed,,0.0362990553420659,observed
2019-12,8733.07277156619,3230.78,10123.98297554673,6553.5698,0.03919565141179038,0.028589803182446305,0.0399326132188802,0.03018280059949463,-0.011103583290773714,-0.012586916624107047,0.0014833333333333332,0.0014000000000000002,1.92,observed,,,,0.0399326132188802,observed,,0.03018280059949463,observed
2020-01,8991.51150780864,3225.52,10428.24980219976,6551.0,0.029593104626803868,-0.001628089811129274,0.030054063443997192,-0.00039212216828765634,0.03922911647020117,0.037629116470201174,0.0015999999999999999,0.0013,1.51,observed,,,,0.030054063443997192,observed,,-0.00039212216828765634,observed
2020-02,8461.83449155727,2954.22,9825.85950972233,6011.73,-0.05890856234698405,-0.08411046900964814,-0.05776523423425861,-0.08231872996489087,0.03681217721188276,0.03555384387854943,0.0012583333333333333,0.0012,1.13,observed,,,,-0.05776523423425861,observed,,-0.08231872996489087,observed
2020-03,7813.498914128,2584.59,9081.81728856904,5269.2002,-0.07661879679591255,-0.12511932083595656,-0.07572286377767634,-0.12351349777850962,0.042067511306986875,0.04112584464032021,0.0009416666666666666,0.0012,0.7,observed,,,,-0.07572286377767634,observed,,-0.12351349777850962,observed
2020-04,9000.50888946938,2912.43,10465.21007469587,5944.6802,0.15191785247388778,0.12684410293315374,0.15232554698805223,0.12819402838404192,0.006339535860030618,0.005756202526697285,0.0005833333333333333,0.0,0.64,observed,,,,0.15232554698805223,observed,,0.12819402838404192,observed
2020-05,9555.52484342193,3044.31,11125.59280628004,6227.8101,0.061664952589727484,0.04528177501261843,0.063102673225923,0.047627440076591476,-0.00042554085041884523,-0.0009588741837521786,0.0005333333333333334,0.0001,0.65,observed,,,,0.063102673225923,observed,,0.047627440076591476,observed
2020-06,10156.85167284227,3100.29,11834.05082514582,6351.6699,0.0629297541761189,0.018388403283502663,0.06367822651804023,0.019888178671343848,-0.0004167149686603546,-0.0009583816353270214,0.0005416666666666668,0.0001,0.66,observed,,,,0.06367822651804023,observed,,0.019888178671343848,observed
2020-07,10905.88111438165,3271.12,12710.65188985895,6709.8101,0.07374622232026495,0.0551012969754443,0.07407447184952654,0.05638520351947118,0.011152012039764741,0.010602012039764741,0.00055,0.0001,0.55,observed,,,,0.07407447184952654,observed,,0.05638520351947118,observed
2020-08,12110.69761173159,3500.31,14129.18197176762,7192.1099,0.11047401715769145,0.07006468732421922,0.11160167819877365,0.07187979880384399,-0.01578404119139543,-0.016242374524728764,0.0004583333333333334,0.0001,0.72,observed,,,,0.11160167819877365,observed,,0.07187979880384399,observed
2020-09,11418.06264383273,3363.0,13328.02255923128,6918.8301,-0.05719199587874324,-0.0392279540954944,-0.05670246261511713,-0.037997166867541954,0.0034707183619816055,0.0028707183619816057,0.0006,0.0001,0.69,observed,,,,-0.05670246261511713,observed,,-0.037997166867541954,observed
2020-10,11052.94579023863,3269.96,12906.65935044754,6734.8398,-0.03197712825575649,-0.0276657746060065,-0.031614833101546225,-0.026592689420137705,-0.017430063652020038,-0.018005063652020037,0.000575,0.0001,0.88,observed,,,,-0.031614833101546225,observed,,-0.026592689420137705,observed
2020-11,12268.31644696672,3621.63,14339.93836237385,7472.0601,0.10995898105294621,0.10754565805086314,0.11104957317066022,0.10946367276620306,0.004531638248570583,0.0037983049152372494,0.0007333333333333333,0.0001,0.84,observed,,,,0.11104957317066022,observed,,0.10946367276620306,observed
2020-12,12888.28355223545,3756.07,15072.2870581013,7759.3501,0.050534000157944625,0.03712140665943231,0.051070560920194685,0.03844856654726314,-0.007806945335466254,-0.008506945335466254,0.0007,0.0001,0.93,observed,,,,0.051070560920194685,observed,,0.03844856654726314,observed
2021-01,12925.37560254874,3714.24,15120.81556518308,7681.0098,0.002877966655758124,-0.011136640158463607,0.00321971754483652,-0.010096245045058572,-0.016083442782797133,-0.016858442782797134,0.0007750000000000001,0.0,1.11,observed,,,,0.00321971754483652,observed,,-0.010096245045058572,observed
2021-02,12909.44313306348,3811.15,15115.02391488815,7892.8101,-0.0012326504060832244,0.026091474971999817,-0.0003830249942513575,0.027574538441547114,-0.029469124554093406,-0.030394124554093405,0.000925,0.0,1.44,observed,,,,-0.0003830249942513575,observed,,0.027574538441547114,observed
2021-03,13091.44284792701,3972.89,15337.62120214848,8238.4805,0.014098184792912916,0.04243863400810777,0.014726889518254405,0.04379560582611752,-0.026016475458102796,-0.027216475458102796,0.0012,0.0,1.74,observed,,,,0.014726889518254405,observed,,0.04379560582611752,observed
2021-04,13860.75951733217,4181.17,16244.98120670808,8678.1602,0.05876484955414818,0.05242531255584737,0.05915910900397625,0.053369028427026066,0.009651973024155151,0.008201973024155151,0.00145,0.0,1.65,observed,,,,0.05915910900397625,observed,,0.053369028427026066,observed
2021-05,13686.51179175144,4204.11,16055.69681662549,8738.7695,-0.012571297075231858,0.005486502581813157,-0.01165186882484226,0.006984118592325617,0.007776841459092728,0.0064018414590927275,0.0013750000000000001,0.0,1.58,observed,,,,-0.01165186882484226,observed,,0.006984118592325617,observed
2021-06,14554.80169997115,4297.5,17083.11140646732,8942.7803,0.06344128594862353,0.02221397632316946,0.06399065712164886,0.02334548359468691,0.013284059626573787,0.01196739295990712,0.0013166666666666667,0.0,1.45,observed,,,,0.06399065712164886,observed,,0.02334548359468691,observed
2021-07,14959.89630562324,4395.26,17564.35333167189,9155.21,0.027832368588909917,0.02274810936591054,0.028170624996473492,0.02375432392093968,0.020746986522765486,0.019538653189432154,0.0012083333333333332,0.0,1.24,observed,,,,0.028170624996473492,observed,,0.02375432392093968,observed
2021-08,15582.51219188219,4522.68,18311.17808445219,9433.5801,0.04161899745420805,0.028990321391681118,0.042519342367909996,0.030405648805434282,-0.004532174028362032,-0.005565507361695365,0.0010333333333333334,0.0,1.3,observed,,,,0.042519342367909996,observed,,0.030405648805434282,observed
2021-09,14689.61600353312,4307.54,17269.99472824143,8994.8301,-0.05730117052719075,-0.047569140421166334,-0.05686053357183052,-0.04650938406724292,-0.01909771239861268,-0.020181045731946012,0.0010833333333333335,0.0,1.52,observed,,,,-0.05686053357183052,observed,,-0.04650938406724292,observed
2021-10,15850.47163315233,4605.38,18640.96681897056,9625.0195,0.07902559395289876,0.06914387330123462,0.07938462705418181,0.07006128998478811,-0.001481132445684235,-0.0027477991123509016,0.0012666666666666666,0.0,1.55,observed,,,,0.07938462705418181,observed,,0.07006128998478811,observed
2021-11,16135.92430199993,4567.0,18992.07153988923,9558.3301,0.01800909622465463,-0.00833373141847149,0.01883511323894216,-0.006928754793691705,0.012349664244394074,0.011057997577727408,0.0012916666666666667,0.0,1.43,observed,,,,0.01883511323894216,observed,,-0.006928754793691705,observed
2021-12,16320.07959667119,4766.18,19217.94429080045,9986.7002,0.011412751524152664,0.04361287497262989,0.011893002321353707,0.04481641620642507,-0.007064215678220389,-0.008255882344887056,0.0011916666666666666,0.0001,1.52,observed,,,,0.011893002321353707,observed,,0.04481641620642507,observed
2022-01,14930.05251311628,4515.55,17586.5786659277,9469.9199,-0.08517281275015565,-0.05258508910699977,-0.08488762378469783,-0.051746852278593325,-0.023166750712848766,-0.024433417379515432,0.0012666666666666666,0.0,1.79,observed,,,,-0.08488762378469783,observed,,-0.051746852278593325,observed
2022-02,14237.80978944312,4373.94,16787.29214633465,9186.3701,-0.04636572597886135,-0.03136052086678265,-0.04544866484699439,-0.029942153998578247,-0.002120843841478151,-0.0036125105081448172,0.0014916666666666665,0.0,1.83,observed,,,,-0.04544866484699439,observed,,-0.029942153998578247,observed
2022-03,14838.49348787606,4530.41,17506.11742098087,9527.46,0.04218933300249095,0.03577323877328009,0.04281960833112497,0.03712999762550373,-0.04165976685360362,-0.04318476685360362,0.001525,0.0,2.32,observed,,,,0.04281960833112497,observed,,0.03712999762550373,observed
2022-04,12854.80357501403,4131.93,15170.44072266502,8696.6504,-0.13368539835144477,-0.08795671914903935,-0.1334206004762981,-0.08720158363299335,-0.046909221676311404,-0.04884255500964474,0.0019333333333333331,0.0,2.89,observed,,,,-0.1334206004762981,observed,,-0.08720158363299335,observed
2022-05,12642.10013415757,4132.15,14937.99318410449,8712.5996,-0.016546611514927645,5.324388360872234e-05,-0.015322398525525194,0.0018339474701660752,0.005842612943432345,0.0034342796100990114,0.0024083333333333335,0.0003,2.85,observed,,,,-0.015322398525525194,observed,,0.0018339474701660752,observed
2022-06,11503.71688124042,3785.38,13601.81658821173,7993.4302,-0.09004700491505868,-0.08391999322386645,-0.08944819959581896,-0.08254360730636578,-0.008715526806415646,-0.011090526806415646,0.002375,0.0006,2.98,observed,,,,-0.08944819959581896,observed,,-0.08254360730636578,observed
2022-07,12947.97490041474,4130.29,15316.04330200882,8730.46,0.12554707613932425,0.09111634763220589,0.12602924783464275,0.0922044455958344,0.029335595775267172,0.02685226244193384,0.0024833333333333335,0.0008,2.67,observed,,,,0.12602924783464275,observed,,0.0922044455958344,observed
2022-08,12272.03054803374,3955.0,14533.28864736968,8374.4199,-0.05220463876241754,-0.04244011921681046,-0.051106845234400455,-0.04078136776298136,-0.038385964943842533,-0.04061096494384253,0.002225,0.0019,3.15,observed,,,,-0.051106845234400455,observed,,-0.04078136776298136,observed
2022-09,10971.22239522904,3585.62,13000.3997917814,7603.1401,-0.1059977929254029,-0.09339570164348932,-0.10547432812914725,-0.09209948978077886,-0.053043909373740136,-0.05566890937374014,0.002625,0.0019,3.83,observed,,,,-0.10547432812914725,observed,,-0.09209948978077886,observed
2022-10,11405.56907832162,3871.98,13521.31492029178,8218.7002,0.039589634358470294,0.07986345457689326,0.0400691622452789,0.08096129913481409,-0.01862794896522994,-0.021819615631896605,0.003191666666666667,0.0023,4.1,observed,,,,0.0400691622452789,observed,,0.08096129913481409,observed
2022-11,12030.05998805146,4080.11,14280.64066844546,8678.0,0.054753156588810636,0.053752860293699856,0.05615768530131193,0.055884724934972096,0.038049616238940806,0.03463294957227414,0.0034166666666666664,0.0029,3.68,observed,,,,0.05615768530131193,observed,,0.055884724934972096,observed
2022-12,10939.76162451631,3839.5,12994.57330119566,8178.02,-0.0906311659807233,-0.058971449299161094,-0.09005669963333629,-0.057614657755243104,-0.013267257796374493,-0.01633392446304116,0.0030666666666666668,0.0033,3.88,observed,,,,-0.09005669963333629,observed,,-0.057614657755243104,observed
2023-01,12101.92929357077,4076.6,14380.73900480086,8691.8799,0.10623336311551901,0.06175283240005203,0.10667266030794997,0.06283426795238944,0.03314903250246073,0.029915699169127397,0.0032333333333333333,0.0034999999999999996,3.52,observed,,,,0.10667266030794997,observed,,0.06283426795238944,observed
2023-02,12042.11647933587,3970.15,14327.20912104466,8479.7998,-0.004942419740187831,-0.026112446646715304,-0.0037223319148154133,-0.024399796412281183,-0.029671856315578348,-0.03260518964891168,0.0029333333333333334,0.0034000000000000002,3.92,observed,,,,-0.0037223319148154133,observed,,-0.024399796412281183,observed
2023-03,13181.35053345811,4109.31,15693.91225205717,8791.1299,0.09460413840682835,0.03505157235872702,0.09539213949247194,0.03671432195840274,0.03990116296355342,0.036634496296886754,0.0032666666666666664,0.0036,3.48,observed,,,,0.09539213949247194,observed,,0.03671432195840274,observed
2023-04,13245.98646667011,4169.48,15775.35730145981,8928.3496,0.004903589586509938,0.01464236088297044,0.005189595054092777,0.015608880947146409,0.006236868881952171,0.003336868881952171,0.0029,0.0034999999999999996,3.44,observed,,,,0.005189595054092777,observed,,0.015608880947146409,observed
2023-05,14254.09024818922,4179.83,16995.55959583454,8967.1602,0.07610635750351458,0.002482323934879238,0.07734863122636315,0.004346895197741896,-0.013657068980120219,-0.016523735646786886,0.0028666666666666667,0.0036,3.64,observed,,,,0.07734863122636315,observed,,0.004346895197741896,observed
2023-06,15179.20838516407,4450.38,18108.43132359294,9559.6699,0.06490194188944276,0.0647275128414313,0.06548014623955978,0.06607551184376081,-0.010897283023889924,-0.013930616357223258,0.0030333333333333336,0.004,3.81,observed,,,,0.06548014623955978,observed,,0.06607551184376081,observed
2023-07,15756.99941665471,4588.96,18803.7433512901,9866.7695,0.03806463531097992,0.031138913980379268,0.0383971430364185,0.03212449835741715,-0.009835843548413086,-0.013010843548413087,0.0031750000000000003,0.0045000000000000005,3.97,observed,,,,0.0383971430364185,observed,,0.03212449835741715,observed
2023-08,15501.07442640266,4507.66,18521.39441753201,9709.6797,-0.01624198767066931,-0.01771643248143373,-0.015015570489517405,-0.015921097579101207,-0.006393910180031239,-0.009702243513364572,0.0033083333333333333,0.0045000000000000005,4.09,observed,,,,-0.015015570489517405,observed,,-0.015921097579101207,observed
2023-09,14715.24405074836,4288.05,17590.92776731674,9246.7402,-0.05069521983042735,-0.04871929116215501,-0.050237397316829746,-0.04767814328623021,-0.03606783781643376,-0.03947617114976709,0.003408333333333333,0.0043,4.59,observed,,,,-0.050237397316829746,observed,,-0.04767814328623021,observed
2023-10,14409.78311730728,4193.8,17232.74527718575,9052.3096,-0.020758128943539123,-0.021979687736850106,-0.020361773686347617,-0.02102693444334036,-0.01876020420894339,-0.022585204208943388,0.003825,0.004699999999999999,4.88,observed,,,,-0.020361773686347617,observed,,-0.02102693444334036,observed
2023-11,15947.86949623096,4567.8,19097.14875049519,9879.0195,0.10673903738886392,0.08917926462873771,0.10818957997236267,0.09132585345954136,0.04475455050618371,0.04068788383951705,0.004066666666666666,0.0044,4.37,observed,,,,0.10818957997236267,observed,,0.09132585345954136,observed
2023-12,16825.93070568058,4769.83,20158.42122631246,10327.8301,0.05505821386719645,0.04422916940321375,0.05557229980678402,0.04543068267048156,0.0436597816011174,0.04001811493445073,0.0036416666666666667,0.0043,3.88,observed,,,,0.05557229980678402,observed,,0.04543068267048156,observed
2024-01,17137.23579120616,4845.65,20539.35536187116,10501.3799,0.018501507641445425,0.015895744712075555,0.018897022305569777,0.01680409130665317,-0.005703053475099562,-0.008936386808432895,0.0032333333333333333,0.004699999999999999,3.99,observed,,,,0.018897022305569777,observed,,0.01680409130665317,observed
2024-02,18043.85001331123,5096.27,21650.13050166734,11062.1104,0.05290317721894744,0.05172061539731532,0.05408033116064592,0.0533958875252194,-0.017536621474928203,-0.020861621474928205,0.0033250000000000003,0.0042,4.25,observed,,,,0.05408033116064592,observed,,0.0533958875252194,observed
2024-03,18254.68877690825,5254.35,21916.48965014281,11418.0303,0.01168479916655718,0.031018764704381807,0.012302888818843671,0.0321746834130312,0.007563090297223575,0.0040214236305569084,0.003541666666666667,0.0043,4.2,observed,,,,0.012302888818843671,observed,,0.0321746834130312,observed
2024-04,17440.69183718555,5035.69,20945.58066669982,10951.6602,-0.044591115722136365,-0.04161504277408257,-0.04430038746814824,-0.04084505713739439,-0.0350042824413212,-0.0385042824413212,0.0035,0.004699999999999999,4.69,observed,,,,-0.04430038746814824,observed,,-0.04084505713739439,observed
2024-05,18536.65084017172,5277.51,22284.09097812131,11494.7002,0.06283919314768571,0.04802122449952262,0.06390418736633574,0.0495851761361259,0.018173679544006102,0.014265346210672769,0.003908333333333334,0.0044,4.51,observed,,,,0.06390418736633574,observed,,0.0495851761361259,observed
2024-06,19682.87092403128,5460.48,23680.38747019455,11907.1504,0.06183533874282876,0.034669759034089864,0.06265889389179646,0.0358817709747663,0.015731046931362982,0.01197271359802965,0.0037583333333333336,0.0040999999999999995,4.36,observed,,,,0.06265889389179646,observed,,0.0358817709747663,observed
2024-07,19362.4280484401,5522.3,23303.25492760424,12052.0898,-0.01628029146906329,0.011321349038912354,-0.015925944753437338,0.01217246739404576,0.025463381238403703,0.02183004790507037,0.0036333333333333335,0.0045000000000000005,4.09,observed,,,,-0.015925944753437338,observed,,0.01217246739404576,observed
2024-08,19574.63951828445,5648.4,23578.12680516963,12344.4297,0.010959961700745868,0.022834688445031892,0.01179542851070936,0.024256365895979348,0.01808771053243584,0.014679377199102506,0.003408333333333333,0.0048,3.91,observed,,,,0.01179542851070936,observed,,0.024256365895979348,observed
2024-09,20060.68660778754,5762.48,24183.36239033052,12608.0703,0.02483044906390619,0.020196869910062976,0.025669366789060843,0.02135704981170572,0.011452813543464583,0.00819448021013125,0.0032583333333333336,0.004,3.81,observed,,,,0.025669366789060843,observed,,0.02135704981170572,observed
2024-10,19890.41545810305,5705.45,23986.04754154632,12493.7402,-0.008487802686593549,-0.009896780552817508,-0.008159115577042186,-0.009068009400296506,-0.03448254750788919,-0.03765754750788919,0.0031750000000000003,0.0039000000000000003,4.28,observed,,,,-0.008159115577042186,observed,,-0.009068009400296506,observed
2024-11,20930.36622929962,6032.38,25260.61469909582,13227.1299,0.05228401454897269,0.057301352215863854,0.05313785672032112,0.05870057230740233,0.011617191088970807,0.00805052442230414,0.003566666666666667,0.004,4.18,observed,,,,0.05313785672032112,observed,,0.05870057230740233,observed
2024-12,21012.17370392947,5881.63,25376.2219281626,12911.8203,0.003908554381400808,-0.024990136563014964,0.004576580199804781,-0.023838096577550094,-0.028112546719844596,-0.03159588005317793,0.003483333333333333,0.0037,4.58,observed,,,,0.004576580199804781,observed,,-0.023838096577550094,observed
2025-01,21478.04780707399,6040.53,25947.53271001673,13271.3799,0.022171628205100546,0.027016320305765618,0.02251362647566113,0.027847320644634577,0.0038166666666666666,0.0,0.0038166666666666666,0.0037,4.58,observed,,,,0.02251362647566113,observed,,0.027847320644634577,observed
2025-02,20884.40809494124,5954.5,25249.72858972238,13098.2197,-0.02763937008917683,-0.014242127760312417,-0.026892889127179687,-0.013047640961585283,0.031110250421156536,0.02729358375448987,0.0038166666666666666,0.0033,4.24,observed,,,,-0.026892889127179687,observed,,-0.013047640961585283,observed
2025-03,19278.44689257005,5611.85,23327.51918633377,12360.21,-0.0768976163973829,-0.05754471408178685,-0.07612792337779917,-0.05634427555066901,0.004336468466742127,0.0008031351334087944,0.003533333333333333,0.0034000000000000002,4.23,observed,,,,-0.07612792337779917,observed,,-0.05634427555066901,observed
2025-04,19571.01825140987,5569.06,23689.80783884281,12276.3896,0.015176085525467231,-0.007624936518260461,0.015530526397392608,-0.006781470541358026,0.008357620183420789,0.004832620183420788,0.0035250000000000004,0.0034999999999999996,4.17,observed,,,,0.015530526397392608,observed,,-0.006781470541358026,observed
2025-05,21340.99252344386,5911.69,25853.83612190368,13049.1299,0.0904385377039072,0.06152384783069298,0.0913484945839298,0.06294524083856046,-0.015635892736379893,-0.019110892736379892,0.0034750000000000002,0.0038,4.41,observed,,,,0.0913484945839298,observed,,0.06294524083856046,observed
2025-06,22679.00901042036,6204.95,27494.05004038576,13712.71,0.06269701306097364,0.04960679602617879,0.06344180069635663,0.05085244036079373,0.017321791877244936,0.013646791877244935,0.003675,0.0034000000000000002,4.24,observed,,,,0.06344180069635663,observed,,0.05085244036079373,observed
2025-07,23218.12378391251,6339.39,28156.5173045443,14020.46,0.02377153134179899,0.021666572655702376,0.02409493192837897,0.02244268273740202,-0.006838088037523893,-0.010371421370857226,0.003533333333333333,0.0034000000000000002,4.37,observed,,,,0.02409493192837897,observed,,0.02244268273740202,observed
2025-08,23415.41980921227,6460.26,28416.57759990938,14304.6797,0.008497500794464097,0.01906650324400294,0.009236238010270625,0.020271781382351417,0.014885558534390232,0.011243891867723566,0.0036416666666666667,0.0038,4.23,observed,,,,0.009236238010270625,observed,,0.020271781382351417,observed
2025-09,24679.98773467524,6688.46,29970.26311618615,14826.7998,0.05400577635449655,0.03532365570425955,0.054675321502534624,0.03649995043230514,0.009165748520151729,0.005640748520151728,0.0035250000000000004,0.0033,4.16,observed,,,,0.054675321502534624,observed,,0.03649995043230514,observed
2025-10,25858.12596754833,6840.2,31410.39097532244,15173.9502,0.047736580971546205,0.022686836730727133,0.048051892422609876,0.023413710624190065,0.007505405657941493,0.004038738991274826,0.0034666666666666665,0.0037,4.11,observed,,,,0.048051892422609876,observed,,0.023413710624190065,observed
2025-11,25434.88915825989,6849.09,30918.76780651082,15211.1396,-0.01636765208041746,0.001299669600304032,-0.01565160934156673,0.00245087136242228,0.010726091917246262,0.007301091917246261,0.0034250000000000005,0.003,4.02,observed,,,,-0.01565160934156673,observed,,0.00245087136242228,observed
2025-12,25249.84661615692,6845.5,30711.48557177979,15220.4502,-0.007275146392485055,-0.0005241572238063874,-0.006704091056545236,0.0006120908915989709,-0.00953083907568638,-0.012880839075686379,0.0033499999999999992,0.0034000000000000002,4.18,observed,,,,-0.006704091056545236,observed,,0.0006120908915989709,observed
2026-01,25552.38674697859,6939.03,31089.81022529113,15441.150390625,0.011981860144373302,0.013662990285588927,0.012318669919991532,0.014500240644984341,-0.0029325699728632356,-0.006415903306196569,0.003483333333333333,0.003,4.26,observed,,,,0.012318669919991532,observed,,0.014500240644984341,observed
2026-02,24960.03525880586,6878.88,30387.08416116185,15323.7998046875,-0.023181845752345387,-0.008668358545790955,-0.022603099183848507,-0.0075998603063116565,0.027132153931498874,0.023582153931498873,0.0035499999999999998,0.0028000000000000004,3.97,observed,,,,-0.022603099183848507,observed,,-0.0075998603063116565,observed
2026-03,23740.188680113,6528.52,28924.50702786616,14560.75,-0.04887198940404147,-0.0509327099760426,-0.048131539226953235,-0.04979507787971005,-0.023106911577737057,-0.02641524491107039,0.0033083333333333333,0.0029,4.3,observed,,,,-0.048131539226953235,observed,,-0.04979507787971005,observed
2026-04,27452.11973665787,7209.01,33454.16276155002,16088.5595703125,0.15635642608242328,0.10423342503354505,0.15660269436294771,0.1049265711115499,-0.004383320854940137,-0.00796665418827347,0.003583333333333333,0.0029,4.4,observed,,,,0.15660269436294771,observed,,0.1049265711115499,observed
2026-05,30333.17966581892,7580.06,36993.15989799661,16935.349609375,0.10494854156248845,0.05147031284462078,0.10578645060321401,0.052633054896042086,-0.00030721786753055806,-0.003973884534197225,0.003666666666666667,0.0031,4.45,observed,,,,0.10578645060321401,observed,,0.052633054896042086,observed
2026-06,30276.34817586902,7499.36,36947.81427843768,16774.0703125,-0.0018735750942041607,-0.010646353722793878,-0.0012257838931294396,-0.009523233980697987,0.004503487423915063,0.0007951540905817289,0.003708333333333334,0.0029,4.44,observed,,,,-0.0012257838931294396,observed,,-0.009523233980697987,observed
2026-07,28274.19506644267,7489.72,34514.34928837904,16763.419921875,-0.06612928011648767,-0.001285443024471311,-0.06586221776801526,-0.0006349317981017011,-0.02059100594898581,-0.02429100594898581,0.0037,0.0033,4.75,observed,,,,-0.06586221776801526,observed,,-0.0006349317981017011,observed
2026-08,29456.97325299668,7686.14,35976.93828495717,17219.939453125,0.041832426485512775,0.0262252794496991,0.04237625876581674,0.027233078535142896,0.003958333333333334,0.0,0.003958333333333334,0.003135634805128351,4.75,estimated,,,,0.04237625876581674,observed,,0.027233078535142896,observed
